1,55,0.032127,1
1,43,0.025514,1
1,17,0.025242,1
1,6,0.024465,1
1,28,0.021561,1
1,1,0.019799,1
1,13,0.019673,1
1,8,0.019275,1
1,2,0.019091,1
1,54,0.018424,1
2,55,0.032969,1
2,43,0.031729,1
2,17,0.03093,1
2,28,0.028974,1
2,8,0.022853,1
2,1,0.02119,1
2,6,0.02071,1
2,9,0.020629,1
2,10,0.019819,1
2,2,0.019675,1
3,1,0.024324,1
3,6,0.023573,1
3,43,0.023382,1
3,2,0.023332,1
3,11,0.022959,1
3,40,0.022164,1
3,7,0.022098,1
3,3,0.021978,1
3,4,0.021933,1
3,5,0.021917,1
4,55,0.035882,1
4,43,0.032598,1
4,28,0.031373,1
4,11,0.030061,1
4,17,0.029854,1
4,2,0.029315,1
4,1,0.02799,1
4,84,0.027406,1
4,7,0.027349,1
4,4,0.024611,1
5,3,0.032299,1
5,2,0.030989,1
5,5,0.030383,1
5,43,0.029708,1
5,28,0.029432,1
5,17,0.029113,1
5,1,0.027938,1
5,84,0.027896,1
5,7,0.027277,1
5,11,0.02724,1
6,43,0.023557,1
6,2,0.021977,1
6,40,0.021853,1
6,1,0.021633,1
6,54,0.021225,1
6,6,0.021012,1
6,55,0.020442,1
6,11,0.019971,1
6,7,0.019941,1
6,84,0.019362,1
7,43,0.038189,1
7,6,0.018788,1
7,2,0.017772,1
7,1,0.017695,1
7,28,0.017085,1
7,17,0.016965,1
7,4,0.016891,1
7,3,0.016554,1
7,5,0.016472,1
7,7,0.016354,1
8,43,0.028822,1
8,55,0.024447,1
8,6,0.022503,1
8,17,0.022114,1
8,28,0.020811,1
8,1,0.020769,1
8,2,0.020523,1
8,3,0.018646,1
8,4,0.018644,1
8,84,0.018472,1
9,55,0.050253,1
9,43,0.024,1
9,17,0.022667,1
9,28,0.022541,1
9,8,0.017782,1
9,6,0.017579,1
9,1,0.017347,1
9,2,0.01689,1
9,9,0.016656,1
9,54,0.015965,1
10,6,0.028098,1
10,13,0.026522,1
10,55,0.020992,1
10,3,0.020188,1
10,28,0.01956,1
10,43,0.019395,1
10,26,0.01894,1
10,17,0.018457,1
10,2,0.017309,1
10,5,0.017106,1
11,6,0.019886,1
11,43,0.01981,1
11,2,0.019288,1
11,1,0.019113,1
11,13,0.01862,1
11,5,0.018142,1
11,3,0.018113,1
11,7,0.018111,1
11,4,0.018031,1
11,10,0.017338,1
12,6,0.026075,1
12,28,0.023986,1
12,17,0.023282,1
12,3,0.021856,1
12,2,0.021221,1
12,55,0.02093,1
12,84,0.020576,1
12,43,0.01969,1
12,11,0.019681,1
12,51,0.019069,1
13,6,0.023658,1
13,2,0.023278,1
13,84,0.022732,1
13,1,0.022497,1
13,3,0.021891,1
13,5,0.021272,1
13,11,0.021114,1
13,17,0.021084,1
13,4,0.020208,1
13,7,0.019896,1
14,43,0.026499,1
14,8,0.024454,1
14,55,0.022839,1
14,54,0.022684,1
14,9,0.022551,1
14,1,0.021599,1
14,10,0.020443,1
14,12,0.020279,1
14,25,0.019825,1
14,17,0.019795,1
15,43,0.032598,1
15,55,0.032568,1
15,6,0.028322,1
15,2,0.024263,1
15,13,0.024134,1
15,1,0.024078,1
15,54,0.023684,1
15,4,0.022129,1
15,40,0.021968,1
15,7,0.021046,1
16,2,0.036033,1
16,1,0.034451,1
16,11,0.034044,1
16,4,0.032644,1
16,8,0.0322,1
16,7,0.032193,1
16,10,0.031975,1
16,40,0.031162,1
16,17,0.030955,1
16,43,0.030081,1
17,57,0.035662,1
17,15,0.020536,1
17,19,0.01962,1
17,82,0.019097,1
17,3,0.018483,1
17,2,0.017947,1
17,40,0.017859,1
17,1,0.017845,1
17,16,0.017711,1
17,8,0.017657,1
18,1,0.017792,1
18,2,0.017782,1
18,4,0.017419,1
18,8,0.017418,1
18,7,0.01725,1
18,10,0.016999,1
18,3,0.016967,1
18,5,0.016769,1
18,68,0.01674,1
18,16,0.016696,1
19,40,0.022251,1
19,54,0.020806,1
19,2,0.019242,1
19,1,0.018843,1
19,11,0.018513,1
19,4,0.017677,1
19,8,0.017591,1
19,10,0.017482,1
19,9,0.017077,1
19,6,0.016955,1
20,34,0.030918,1
20,49,0.030918,1
20,87,0.030918,1
20,123,0.030918,1
20,16,0.030918,1
20,120,0.030918,1
20,104,0.030918,1
20,172,0.030918,1
20,56,0.030918,1
20,11,0.019019,1
21,18,0.035429,1
21,19,0.035429,1
21,121,0.035429,1
21,82,0.021187,1
21,40,0.020714,1
21,2,0.020563,1
21,1,0.020208,1
21,11,0.020131,1
21,8,0.020003,1
21,4,0.019946,1
22,16,0.023637,1
22,54,0.022216,1
22,11,0.020483,1
22,3,0.019439,1
22,40,0.019102,1
22,19,0.018089,1
22,38,0.017419,1
22,2,0.017366,1
22,5,0.017282,1
22,82,0.017224,1
23,18,0.025571,1
23,19,0.02335,1
23,11,0.022453,1
23,9,0.022087,1
23,1,0.022058,1
23,8,0.021843,1
23,2,0.021106,1
23,10,0.020904,1
23,43,0.020261,1
23,54,0.019745,1
24,11,0.026832,1
24,3,0.024071,1
24,89,0.023706,1
24,5,0.023683,1
24,2,0.023409,1
24,1,0.023149,1
24,7,0.022532,1
24,4,0.02247,1
24,82,0.022132,1
24,67,0.021992,1
25,11,0.024318,1
25,2,0.023996,1
25,1,0.022824,1
25,4,0.021845,1
25,7,0.021507,1
25,84,0.020491,1
25,10,0.020295,1
25,8,0.020261,1
25,43,0.019586,1
25,68,0.01947,1
26,11,0.022238,1
26,1,0.020305,1
26,54,0.02029,1
26,5,0.02023,1
26,2,0.020163,1
26,3,0.020064,1
26,7,0.019315,1
26,16,0.019287,1
26,4,0.019225,1
26,89,0.019037,1
27,38,0.020013,1
27,16,0.019852,1
27,11,0.019793,1
27,3,0.018009,1
27,5,0.017519,1
27,15,0.01745,1
27,2,0.017395,1
27,40,0.017331,1
27,1,0.017169,1
27,7,0.01698,1
28,11,0.02387,1
28,3,0.022608,1
28,89,0.021991,1
28,5,0.021418,1
28,1,0.021024,1
28,2,0.020891,1
28,7,0.020459,1
28,4,0.020346,1
28,82,0.01991,1
28,67,0.019593,1
29,9,0.018457,1
29,2,0.018443,1
29,1,0.018263,1
29,8,0.01817,1
29,7,0.018041,1
29,5,0.018039,1
29,3,0.017944,1
29,4,0.01767,1
29,67,0.017288,1
29,12,0.017185,1
30,2,0.026305,1
30,1,0.025665,1
30,4,0.02505,1
30,11,0.024941,1
30,10,0.02463,1
30,8,0.024614,1
30,40,0.024584,1
30,18,0.023793,1
30,7,0.023772,1
30,68,0.023434,1
31,11,0.030714,1
31,3,0.030074,1
31,5,0.030045,1
31,16,0.026957,1
31,15,0.026784,1
31,2,0.026322,1
31,70,0.02512,1
31,1,0.022661,1
31,7,0.022414,1
31,6,0.019917,1
32,3,0.01856,1
32,40,0.017691,1
32,54,0.016495,1
32,5,0.015647,1
32,11,0.015258,1
32,2,0.014809,1
32,6,0.014667,1
32,15,0.014493,1
32,16,0.014453,1
32,1,0.013892,1
33,2,0.020108,1
33,3,0.019357,1
33,11,0.019349,1
33,1,0.018994,1
33,4,0.018679,1
33,7,0.018617,1
33,82,0.018446,1
33,5,0.018215,1
33,43,0.017892,1
33,17,0.017886,1
34,11,0.020708,1
34,5,0.018674,1
34,3,0.018625,1
34,15,0.018394,1
34,2,0.018014,1
34,1,0.017871,1
34,40,0.017712,1
34,54,0.017623,1
34,4,0.017457,1
34,89,0.017369,1
35,2,0.0301,1
35,1,0.029786,1
35,17,0.029233,1
35,28,0.029147,1
35,11,0.025467,1
35,4,0.023913,1
35,84,0.021734,1
35,7,0.021725,1
35,8,0.021677,1
35,43,0.02142,1
36,43,0.026787,1
36,55,0.026736,1
36,9,0.024171,1
36,8,0.022872,1
36,54,0.021777,1
36,2,0.020539,1
36,1,0.020532,1
36,12,0.020261,1
36,14,0.020027,1
36,69,0.019331,1
37,2,0.023319,1
37,1,0.023266,1
37,8,0.021955,1
37,10,0.021768,1
37,4,0.021635,1
37,7,0.021432,1
37,17,0.020777,1
37,68,0.020709,1
37,43,0.019635,1
37,84,0.019546,1
38,11,0.027209,1
38,1,0.026843,1
38,2,0.025586,1
38,4,0.024738,1
38,10,0.02307,1
38,8,0.022967,1
38,54,0.022457,1
38,40,0.021631,1
38,7,0.020699,1
38,17,0.019371,1
39,17,0.026311,1
39,43,0.02351,1
39,28,0.023352,1
39,55,0.022606,1
39,6,0.021703,1
39,2,0.02067,1
39,1,0.020396,1
39,84,0.018728,1
39,11,0.018013,1
39,4,0.017362,1
40,84,0.029112,1
40,17,0.028823,1
40,2,0.028126,1
40,1,0.026772,1
40,4,0.025757,1
40,7,0.024747,1
40,55,0.024229,1
40,28,0.023816,1
40,43,0.023597,1
40,8,0.023481,1
41,129,0.056292,1
41,17,0.027927,1
41,28,0.025276,1
41,55,0.023338,1
41,43,0.022526,1
41,2,0.022172,1
41,84,0.021299,1
41,1,0.021114,1
41,11,0.019821,1
41,4,0.018199,1
42,175,0.042453,1
42,182,0.042453,1
42,1,0.024665,1
42,2,0.024497,1
42,8,0.024014,1
42,10,0.023671,1
42,4,0.022752,1
42,43,0.021407,1
42,7,0.021343,1
42,11,0.020396,1
43,6,0.023211,1
43,84,0.022487,1
43,3,0.021457,1
43,2,0.02097,1
43,17,0.020782,1
43,5,0.02036,1
43,13,0.019117,1
43,1,0.018852,1
43,7,0.018281,1
43,70,0.018059,1
44,17,0.02377,1
44,30,0.02377,1
44,32,0.02377,1
44,33,0.02377,1
44,35,0.02377,1
44,78,0.02377,1
44,135,0.02377,1
44,137,0.02377,1
44,140,0.02377,1
44,142,0.02377,1
45,84,0.024358,1
45,60,0.024358,1
45,6,0.013802,1
45,3,0.01343,1
45,2,0.013043,1
45,13,0.012797,1
45,17,0.012672,1
45,5,0.012441,1
45,1,0.01215,1
45,26,0.012127,1
46,3,0.01499,1
46,2,0.014791,1
46,17,0.014621,1
46,1,0.01453,1
46,6,0.01429,1
46,84,0.014165,1
46,5,0.014057,1
46,7,0.014046,1
46,4,0.013372,1
46,8,0.013275,1
47,6,0.016237,1
47,13,0.01498,1
47,17,0.014927,1
47,43,0.013405,1
47,28,0.013147,1
47,26,0.012784,1
47,2,0.012376,1
47,3,0.01233,1
47,84,0.012243,1
47,1,0.012225,1
48,1,0.016413,1
48,2,0.016289,1
48,3,0.015807,1
48,8,0.015623,1
48,10,0.015516,1
48,5,0.015349,1
48,6,0.015324,1
48,7,0.015131,1
48,4,0.015024,1
48,17,0.015023,1
49,48,0.019312,1
49,93,0.019312,1
49,99,0.019312,1
49,144,0.019312,1
49,59,0.019312,1
49,105,0.019312,1
49,162,0.019312,1
49,90,0.019312,1
49,51,0.019312,1
49,84,0.011666,1
50,115,0.021101,1
50,153,0.021101,1
50,40,0.012175,1
50,80,0.01206,1
50,51,0.011918,1
50,90,0.011636,1
50,93,0.011485,1
50,9,0.011417,1
50,144,0.01138,1
50,59,0.01132,1
51,173,0.024577,1
51,3,0.014957,1
51,82,0.014886,1
51,5,0.014864,1
51,1,0.014787,1
51,2,0.014728,1
51,11,0.014651,1
51,8,0.014552,1
51,4,0.014522,1
51,80,0.014425,1
52,125,0.026504,1
52,111,0.026504,1
52,2,0.015613,1
52,1,0.015594,1
52,6,0.015166,1
52,8,0.015043,1
52,4,0.014753,1
52,10,0.01465,1
52,9,0.014442,1
52,13,0.013968,1
53,2,0.016254,1
53,1,0.016095,1
53,11,0.015509,1
53,3,0.015186,1
53,5,0.014997,1
53,7,0.014732,1
53,40,0.014709,1
53,4,0.014535,1
53,70,0.014081,1
53,67,0.013749,1
54,80,0.02019,1
54,151,0.02019,1
54,159,0.02019,1
54,46,0.02019,1
54,139,0.02019,1
54,154,0.02019,1
54,157,0.02019,1
54,118,0.02019,1
54,40,0.012752,1
54,3,0.01232,1
55,82,0.01479,1
55,1,0.013102,1
55,2,0.013063,1
55,3,0.012877,1
55,7,0.012858,1
55,4,0.012793,1
55,11,0.01277,1
55,5,0.01269,1
55,10,0.012555,1
55,15,0.012521,1
56,178,0.027303,1
56,2,0.016265,1
56,3,0.01621,1
56,1,0.015827,1
56,5,0.01544,1
56,6,0.015276,1
56,4,0.015226,1
56,40,0.015149,1
56,11,0.014884,1
56,161,0.014847,1
57,25,0.019512,1
57,45,0.019512,1
57,146,0.019512,1
57,42,0.019512,1
57,97,0.019512,1
57,1,0.0126,1
57,8,0.012593,1
57,2,0.012564,1
57,9,0.012427,1
57,7,0.012393,1
58,1,0.014952,1
58,4,0.014952,1
58,5,0.014952,1
58,7,0.014952,1
58,8,0.014952,1
58,9,0.014952,1
58,12,0.014952,1
58,14,0.014952,1
58,15,0.014952,1
58,52,0.014952,1
59,11,0.042176,1
59,3,0.0334,1
59,2,0.033098,1
59,54,0.031987,1
59,5,0.031738,1
59,40,0.030164,1
59,1,0.026328,1
59,6,0.025702,1
59,7,0.025665,1
59,4,0.02378,1
60,11,0.019095,1
60,16,0.017965,1
60,82,0.016897,1
60,89,0.016669,1
60,2,0.016531,1
60,8,0.016507,1
60,1,0.01639,1
60,9,0.015977,1
60,10,0.015461,1
60,4,0.015308,1
61,11,0.014986,1
61,2,0.014476,1
61,1,0.014438,1
61,16,0.014228,1
61,7,0.014098,1
61,3,0.014064,1
61,5,0.013888,1
61,4,0.013657,1
61,67,0.013265,1
61,70,0.013111,1
62,143,0.018545,1
62,1,0.013688,1
62,2,0.013671,1
62,3,0.013484,1
62,5,0.013466,1
62,7,0.013376,1
62,4,0.013333,1
62,8,0.013329,1
62,9,0.013296,1
62,10,0.013278,1
63,161,0.031189,1
63,54,0.01914,1
63,13,0.018483,1
63,6,0.018404,1
63,26,0.015908,1
63,40,0.015628,1
63,2,0.014851,1
63,1,0.014803,1
63,3,0.014224,1
63,111,0.014186,1
64,3,0.012737,1
64,5,0.012723,1
64,15,0.012514,1
64,2,0.012496,1
64,1,0.012472,1
64,11,0.012392,1
64,4,0.012358,1
64,7,0.012302,1
64,67,0.012197,1
64,10,0.012155,1
65,119,0.038604,1
65,54,0.018446,1
65,6,0.017811,1
65,13,0.016811,1
65,40,0.015566,1
65,161,0.015462,1
65,3,0.014861,1
65,11,0.014341,1
65,78,0.013966,1
65,26,0.013671,1
66,22,0.020244,1
66,92,0.020244,1
66,103,0.020244,1
66,106,0.020244,1
66,149,0.020244,1
66,147,0.020244,1
66,82,0.020244,1
66,155,0.020244,1
66,81,0.020244,1
66,16,0.012981,1
67,167,0.038913,1
67,54,0.019584,1
67,3,0.017965,1
67,6,0.017638,1
67,5,0.017203,1
67,15,0.016294,1
67,79,0.016178,1
67,40,0.015763,1
67,11,0.015148,1
67,2,0.01488,1
68,54,0.026355,1
68,3,0.026242,1
68,11,0.025248,1
68,5,0.024781,1
68,6,0.022747,1
68,2,0.022588,1
68,16,0.022421,1
68,40,0.020173,1
68,70,0.01928,1
68,38,0.019214,1
69,11,0.020388,1
69,54,0.020357,1
69,40,0.019358,1
69,1,0.018157,1
69,2,0.018009,1
69,3,0.017305,1
69,5,0.017022,1
69,89,0.017009,1
69,7,0.016763,1
69,4,0.016427,1
70,11,0.016975,1
70,16,0.015379,1
70,2,0.015005,1
70,89,0.014837,1
70,1,0.014621,1
70,3,0.01422,1
70,5,0.014191,1
70,8,0.013976,1
70,9,0.013879,1
70,7,0.013802,1
71,5,0.017186,1
71,2,0.017154,1
71,11,0.016983,1
71,3,0.016961,1
71,1,0.016926,1
71,7,0.016729,1
71,4,0.016624,1
71,67,0.016331,1
71,82,0.0157,1
71,8,0.015471,1
72,2,0.017518,1
72,11,0.017423,1
72,54,0.016376,1
72,1,0.016213,1
72,3,0.016208,1
72,7,0.015709,1
72,5,0.015633,1
72,8,0.015019,1
72,4,0.014963,1
72,10,0.014482,1
73,54,0.019398,1
73,9,0.019203,1
73,8,0.019166,1
73,40,0.017424,1
73,11,0.016904,1
73,3,0.01627,1
73,1,0.016254,1
73,5,0.016191,1
73,2,0.01613,1
73,7,0.015555,1
74,11,0.021208,1
74,54,0.021168,1
74,2,0.019345,1
74,3,0.019177,1
74,5,0.018772,1
74,1,0.018611,1
74,40,0.018537,1
74,89,0.017873,1
74,7,0.017588,1
74,43,0.017026,1
75,11,0.021274,1
75,2,0.020204,1
75,1,0.020108,1
75,3,0.019963,1
75,4,0.019939,1
75,5,0.019833,1
75,7,0.019513,1
75,67,0.019271,1
75,82,0.019034,1
75,89,0.019004,1
76,11,0.016854,1
76,16,0.016135,1
76,89,0.016048,1
76,2,0.015838,1
76,54,0.015743,1
76,1,0.015628,1
76,38,0.015545,1
76,7,0.015358,1
76,8,0.015292,1
76,3,0.015242,1
77,11,0.017071,1
77,1,0.016246,1
77,16,0.015724,1
77,3,0.015631,1
77,5,0.0156,1
77,8,0.01558,1
77,2,0.015515,1
77,89,0.015508,1
77,9,0.015417,1
77,4,0.015284,1
78,1,0.016565,1
78,9,0.01617,1
78,8,0.016139,1
78,12,0.01587,1
78,11,0.015856,1
78,10,0.015828,1
78,2,0.015713,1
78,4,0.015406,1
78,69,0.01531,1
78,82,0.015272,1
79,11,0.019749,1
79,1,0.017271,1
79,2,0.017255,1
79,5,0.016914,1
79,3,0.016905,1
79,4,0.016729,1
79,7,0.016654,1
79,89,0.016559,1
79,82,0.016315,1
79,67,0.016256,1
80,38,0.016779,1
80,11,0.016652,1
80,1,0.016474,1
80,8,0.016265,1
80,9,0.016243,1
80,2,0.016052,1
80,10,0.01587,1
80,7,0.015824,1
80,3,0.015713,1
80,12,0.015678,1
81,11,0.017463,1
81,82,0.017178,1
81,16,0.016942,1
81,5,0.016093,1
81,3,0.016074,1
81,89,0.015581,1
81,1,0.01526,1
81,2,0.015229,1
81,8,0.01502,1
81,54,0.014906,1
82,11,0.020414,1
82,3,0.020171,1
82,40,0.019093,1
82,5,0.01886,1
82,54,0.018469,1
82,2,0.01812,1
82,1,0.017668,1
82,7,0.017208,1
82,82,0.016833,1
82,4,0.016638,1
83,11,0.020222,1
83,1,0.018237,1
83,2,0.018046,1
83,3,0.017935,1
83,5,0.017734,1
83,4,0.017499,1
83,7,0.017451,1
83,82,0.017256,1
83,67,0.017233,1
83,89,0.016827,1
84,3,0.019849,1
84,11,0.019392,1
84,6,0.019011,1
84,40,0.018989,1
84,54,0.018264,1
84,5,0.017756,1
84,2,0.017667,1
84,82,0.017584,1
84,15,0.017363,1
84,1,0.016782,1
85,38,0.030483,1
85,47,0.030483,1
85,184,0.030483,1
85,11,0.017621,1
85,16,0.016857,1
85,89,0.016203,1
85,3,0.016197,1
85,40,0.015631,1
85,5,0.015592,1
85,2,0.015563,1
86,11,0.019601,1
86,16,0.018651,1
86,1,0.018537,1
86,2,0.018316,1
86,54,0.017901,1
86,7,0.017609,1
86,3,0.017588,1
86,82,0.017566,1
86,40,0.017559,1
86,5,0.017528,1
87,82,0.016197,1
87,16,0.015005,1
87,3,0.015001,1
87,11,0.014885,1
87,89,0.013814,1
87,5,0.013809,1
87,2,0.013698,1
87,43,0.013556,1
87,8,0.013257,1
87,1,0.013175,1
88,11,0.017534,1
88,47,0.017404,1
88,2,0.017048,1
88,1,0.016817,1
88,8,0.016555,1
88,4,0.01632,1
88,3,0.016032,1
88,7,0.01597,1
88,5,0.015701,1
88,43,0.015674,1
89,11,0.018689,1
89,2,0.01737,1
89,1,0.017262,1
89,8,0.0172,1
89,89,0.017156,1
89,9,0.01682,1
89,3,0.016772,1
89,4,0.016765,1
89,7,0.016758,1
89,5,0.016729,1
90,11,0.021454,1
90,3,0.020731,1
90,5,0.020137,1
90,89,0.019457,1
90,2,0.019246,1
90,1,0.019168,1
90,4,0.018775,1
90,7,0.018739,1
90,40,0.018724,1
90,67,0.018475,1
91,3,0.018374,1
91,40,0.018138,1
91,11,0.017881,1
91,5,0.017271,1
91,54,0.016658,1
91,2,0.016458,1
91,1,0.016301,1
91,7,0.016113,1
91,15,0.015955,1
91,79,0.015531,1
92,2,0.016843,1
92,1,0.016842,1
92,11,0.016687,1
92,3,0.016415,1
92,7,0.016366,1
92,4,0.016308,1
92,16,0.016186,1
92,5,0.016137,1
92,8,0.015785,1
92,67,0.01568,1
93,3,0.017362,1
93,2,0.01711,1
93,5,0.01707,1
93,11,0.016633,1
93,1,0.016594,1
93,40,0.016546,1
93,7,0.016416,1
93,4,0.016096,1
93,67,0.015944,1
93,8,0.015638,1
94,11,0.024664,1
94,54,0.024624,1
94,2,0.022306,1
94,1,0.018306,1
94,3,0.017708,1
94,40,0.017391,1
94,5,0.016964,1
94,4,0.016554,1
94,8,0.016249,1
94,55,0.016227,1
95,54,0.02215,1
95,6,0.02143,1
95,40,0.020628,1
95,13,0.020244,1
95,11,0.018971,1
95,3,0.018741,1
95,2,0.01874,1
95,15,0.018306,1
95,1,0.018187,1
95,5,0.017586,1
96,54,0.021319,1
96,3,0.018405,1
96,5,0.017671,1
96,6,0.017536,1
96,11,0.017362,1
96,40,0.017233,1
96,2,0.016962,1
96,8,0.016721,1
96,1,0.016606,1
96,4,0.016278,1
97,16,0.020062,1
97,11,0.019164,1
97,8,0.018251,1
97,1,0.017612,1
97,2,0.017458,1
97,89,0.017143,1
97,10,0.016793,1
97,4,0.016775,1
97,82,0.016632,1
97,3,0.016487,1
98,8,0.017684,1
98,1,0.017605,1
98,2,0.017467,1
98,9,0.017029,1
98,10,0.016624,1
98,16,0.016424,1
98,11,0.015975,1
98,4,0.015589,1
98,54,0.015587,1
98,3,0.015296,1
99,2,0.01929,1
99,1,0.019246,1
99,3,0.018896,1
99,16,0.018471,1
99,4,0.018432,1
99,7,0.018416,1
99,33,0.018388,1
99,11,0.018155,1
99,8,0.017928,1
99,10,0.017827,1
100,11,0.024457,1
100,2,0.022677,1
100,1,0.022501,1
100,54,0.021994,1
100,8,0.021321,1
100,10,0.02119,1
100,4,0.020588,1
100,9,0.020068,1
100,43,0.019091,1
100,17,0.017977,1
101,8,0.044612,1
101,1,0.040771,1
101,10,0.03923,1
101,17,0.038107,1
101,2,0.038099,1
101,6,0.035908,1
101,84,0.033846,1
101,4,0.033416,1
101,3,0.033318,1
101,43,0.032423,1
102,11,0.025514,1
102,2,0.024878,1
102,5,0.02369,1
102,3,0.023545,1
102,1,0.023532,1
102,4,0.023052,1
102,7,0.022917,1
102,67,0.021872,1
102,8,0.021638,1
102,9,0.02098,1
103,6,0.023496,1
103,3,0.020452,1
103,17,0.020117,1
103,2,0.019954,1
103,1,0.019745,1
103,43,0.019325,1
103,8,0.019251,1
103,13,0.019215,1
103,4,0.019131,1
103,10,0.018772,1
104,2,0.028947,1
104,1,0.028663,1
104,6,0.026454,1
104,4,0.025824,1
104,11,0.025365,1
104,7,0.024995,1
104,40,0.02386,1
104,84,0.023523,1
104,17,0.023093,1
104,43,0.022585,1
105,43,0.03543,1
105,28,0.035302,1
105,17,0.03403,1
105,2,0.033208,1
105,1,0.031926,1
105,11,0.031855,1
105,7,0.030362,1
105,4,0.029733,1
105,55,0.029661,1
105,84,0.029548,1
106,55,0.033463,1
106,43,0.029883,1
106,17,0.027436,1
106,28,0.027289,1
106,54,0.024262,1
106,8,0.024246,1
106,9,0.023326,1
106,1,0.021611,1
106,2,0.021457,1
106,12,0.02117,1
107,55,0.029465,1
107,43,0.026793,1
107,17,0.02238,1
107,28,0.022346,1
107,1,0.019439,1
107,2,0.019168,1
107,8,0.019068,1
107,54,0.019013,1
107,9,0.017612,1
107,4,0.017045,1
108,3,0.061627,1
108,6,0.061168,1
108,54,0.057998,1
108,5,0.046476,1
108,11,0.045997,1
108,16,0.045064,1
108,2,0.045058,1
108,55,0.044305,1
108,40,0.036939,1
108,1,0.036022,1
109,6,0.030402,1
109,55,0.028842,1
109,17,0.028763,1
109,13,0.025563,1
109,43,0.024974,1
109,28,0.021633,1
109,2,0.021559,1
109,84,0.020703,1
109,3,0.020471,1
109,1,0.019928,1
110,55,0.031766,1
110,43,0.026824,1
110,17,0.023715,1
110,54,0.023683,1
110,6,0.02344,1
110,40,0.022122,1
110,8,0.020733,1
110,28,0.020688,1
110,1,0.020675,1
110,2,0.020382,1
111,55,0.039317,1
111,17,0.027104,1
111,43,0.026871,1
111,28,0.026803,1
111,2,0.024558,1
111,6,0.023487,1
111,1,0.023306,1
111,7,0.021184,1
111,84,0.021024,1
111,40,0.020075,1
112,6,0.031817,1
112,13,0.029643,1
112,28,0.028546,1
112,17,0.026288,1
112,55,0.023977,1
112,3,0.021583,1
112,2,0.020603,1
112,43,0.020583,1
112,84,0.020269,1
112,1,0.020098,1
113,1,0.021655,1
113,2,0.02128,1
113,43,0.020663,1
113,7,0.018634,1
113,5,0.018538,1
113,6,0.018427,1
113,3,0.018409,1
113,4,0.018358,1
113,11,0.01763,1
113,70,0.01753,1
114,6,0.038693,1
114,55,0.031781,1
114,3,0.027386,1
114,13,0.0259,1
114,43,0.023087,1
114,17,0.022997,1
114,28,0.022788,1
114,5,0.022782,1
114,2,0.020965,1
114,15,0.019502,1
115,43,0.020341,1
115,55,0.019234,1
115,54,0.019233,1
115,40,0.017831,1
115,6,0.017823,1
115,2,0.017307,1
115,1,0.017134,1
115,11,0.016639,1
115,4,0.015988,1
115,7,0.015771,1
116,40,0.021872,1
116,2,0.021238,1
116,6,0.020958,1
116,3,0.020857,1
116,1,0.020729,1
116,5,0.020519,1
116,4,0.020402,1
116,7,0.020274,1
116,11,0.019784,1
116,67,0.019556,1
117,18,0.15059,1
117,19,0.097969,1
117,27,0.095729,1
117,52,0.091324,1
117,59,0.087634,1
117,35,0.085551,1
117,33,0.08003,1
117,30,0.073688,1
117,51,0.058043,1
117,25,0.026377,1
118,6,0.025284,1
118,17,0.024747,1
118,3,0.022725,1
118,13,0.022389,1
118,2,0.021929,1
118,15,0.021703,1
118,1,0.021607,1
118,84,0.021224,1
118,55,0.02121,1
118,4,0.02096,1
119,1,0.02776,1
119,43,0.027593,1
119,8,0.027126,1
119,2,0.026953,1
119,54,0.026796,1
119,9,0.02632,1
119,10,0.025505,1
119,4,0.025079,1
119,6,0.024712,1
119,40,0.024003,1
120,17,0.054752,1
120,3,0.053541,1
120,5,0.047455,1
120,2,0.047006,1
120,1,0.046993,1
120,7,0.045828,1
120,84,0.044376,1
120,43,0.043915,1
120,11,0.042751,1
120,55,0.037994,1
121,6,0.028997,1
121,13,0.024817,1
121,3,0.021915,1
121,26,0.021619,1
121,15,0.020481,1
121,17,0.01852,1
121,28,0.018097,1
121,16,0.017536,1
121,5,0.017044,1
121,79,0.016855,1
122,55,0.023395,1
122,43,0.021652,1
122,17,0.018986,1
122,28,0.016877,1
122,6,0.016783,1
122,8,0.016475,1
122,1,0.016263,1
122,54,0.015933,1
122,2,0.015888,1
122,9,0.015381,1
123,40,0.038081,1
123,3,0.020933,1
123,54,0.020686,1
123,6,0.020259,1
123,5,0.019758,1
123,80,0.019492,1
123,11,0.019226,1
123,82,0.019153,1
123,2,0.018759,1
123,1,0.018488,1
124,15,0.022706,1
124,3,0.021687,1
124,1,0.021515,1
124,2,0.02141,1
124,7,0.021048,1
124,38,0.021012,1
124,16,0.020948,1
124,4,0.020834,1
124,8,0.020685,1
124,5,0.020172,1
125,16,0.021373,1
125,8,0.020509,1
125,2,0.020401,1
125,1,0.020326,1
125,11,0.019817,1
125,3,0.019614,1
125,7,0.019563,1
125,10,0.019498,1
125,4,0.019441,1
125,5,0.018939,1
126,2,0.018402,1
126,1,0.018274,1
126,7,0.018115,1
126,4,0.018068,1
126,3,0.017759,1
126,5,0.017699,1
126,67,0.017462,1
126,10,0.017087,1
126,8,0.017056,1
126,70,0.016602,1
127,102,0.033776,1
127,16,0.023232,1
127,19,0.022014,1
127,82,0.020711,1
127,34,0.020652,1
127,87,0.019966,1
127,11,0.019592,1
127,49,0.01954,1
127,2,0.018725,1
127,18,0.018663,1
128,11,0.020875,1
128,54,0.020201,1
128,3,0.020064,1
128,2,0.019824,1
128,1,0.019662,1
128,5,0.019531,1
128,7,0.019394,1
128,4,0.019377,1
128,82,0.01913,1
128,89,0.01897,1
129,11,0.022022,1
129,54,0.021437,1
129,16,0.021296,1
129,3,0.018249,1
129,40,0.017168,1
129,5,0.016454,1
129,2,0.016435,1
129,1,0.015535,1
129,89,0.015448,1
129,82,0.015081,1
130,82,0.013987,1
130,1,0.013721,1
130,2,0.013674,1
130,16,0.013565,1
130,4,0.013249,1
130,7,0.013241,1
130,8,0.013218,1
130,10,0.013174,1
130,9,0.012992,1
130,68,0.012765,1
131,54,0.034848,1
131,2,0.027276,1
131,8,0.027245,1
131,40,0.027088,1
131,1,0.026737,1
131,11,0.024409,1
131,6,0.024381,1
131,10,0.024304,1
131,18,0.02424,1
131,4,0.024145,1
132,11,0.023614,1
132,38,0.022826,1
132,16,0.021991,1
132,89,0.021168,1
132,3,0.020381,1
132,5,0.019607,1
132,82,0.019506,1
132,15,0.019457,1
132,54,0.019266,1
132,2,0.018662,1
133,6,0.020447,1
133,3,0.019804,1
133,16,0.018771,1
133,15,0.018383,1
133,38,0.017419,1
133,79,0.016671,1
133,13,0.015622,1
133,2,0.015577,1
133,11,0.015316,1
133,1,0.015094,1
134,17,0.02474,1
134,2,0.023572,1
134,1,0.02329,1
134,11,0.0218,1
134,8,0.021253,1
134,10,0.021206,1
134,4,0.02101,1
134,84,0.020484,1
134,7,0.020065,1
134,68,0.019817,1
135,2,0.026811,1
135,1,0.026378,1
135,4,0.026075,1
135,8,0.024906,1
135,10,0.024424,1
135,11,0.023918,1
135,7,0.023435,1
135,82,0.019964,1
135,68,0.019918,1
135,40,0.019902,1
136,43,0.031523,1
136,8,0.030133,1
136,1,0.028701,1
136,2,0.028168,1
136,10,0.02785,1
136,17,0.026676,1
136,9,0.026418,1
136,55,0.025124,1
136,4,0.024085,1
136,40,0.023272,1
137,43,0.030371,1
137,1,0.028549,1
137,2,0.027567,1
137,17,0.025569,1
137,8,0.02399,1
137,10,0.023501,1
137,55,0.023204,1
137,54,0.023178,1
137,28,0.022041,1
137,11,0.021475,1
138,1,0.03625,1
138,11,0.035912,1
138,2,0.035267,1
138,4,0.033646,1
138,8,0.033488,1
138,9,0.033192,1
138,10,0.030543,1
138,40,0.030179,1
138,7,0.028918,1
138,54,0.028652,1
139,17,0.027595,1
139,43,0.027441,1
139,6,0.026377,1
139,55,0.025466,1
139,8,0.021943,1
139,28,0.021895,1
139,2,0.021534,1
139,5,0.021285,1
139,3,0.021246,1
139,54,0.021044,1
140,54,0.023953,1
140,11,0.023646,1
140,3,0.023238,1
140,40,0.022906,1
140,2,0.022871,1
140,1,0.022681,1
140,8,0.021829,1
140,4,0.02152,1
140,82,0.021481,1
140,10,0.021422,1
141,28,0.02835,1
141,3,0.02499,1
141,17,0.024187,1
141,6,0.023691,1
141,84,0.019871,1
141,13,0.018521,1
141,5,0.018315,1
141,2,0.017754,1
141,11,0.017389,1
141,1,0.016243,1
142,17,0.028732,1
142,28,0.027111,1
142,43,0.026715,1
142,55,0.024775,1
142,84,0.022518,1
142,2,0.020843,1
142,1,0.020608,1
142,8,0.020183,1
142,10,0.019036,1
142,4,0.018762,1
143,43,0.021184,1
143,6,0.020471,1
143,17,0.019724,1
143,55,0.018611,1
143,84,0.018591,1
143,1,0.017867,1
143,2,0.017716,1
143,40,0.016852,1
143,11,0.016842,1
143,8,0.01675,1
144,54,0.026268,1
144,40,0.022792,1
144,43,0.021814,1
144,8,0.020918,1
144,2,0.020454,1
144,1,0.020228,1
144,11,0.019411,1
144,9,0.019228,1
144,55,0.018616,1
144,10,0.018453,1
145,8,0.021484,1
145,1,0.021387,1
145,2,0.021192,1
145,10,0.020089,1
145,4,0.019795,1
145,7,0.019681,1
145,43,0.019635,1
145,9,0.019441,1
145,68,0.019265,1
145,17,0.019068,1
146,43,0.023654,1
146,6,0.023464,1
146,17,0.023061,1
146,28,0.021129,1
146,13,0.020012,1
146,3,0.019417,1
146,55,0.019149,1
146,84,0.018923,1
146,5,0.018728,1
146,2,0.018424,1
147,28,0.029653,1
147,6,0.021693,1
147,13,0.02087,1
147,17,0.020009,1
147,78,0.019139,1
147,26,0.01882,1
147,135,0.018778,1
147,137,0.018196,1
147,35,0.017795,1
147,140,0.017747,1
148,6,0.019536,1
148,43,0.017263,1
148,2,0.016311,1
148,1,0.01611,1
148,8,0.015668,1
148,9,0.015643,1
148,13,0.015422,1
148,55,0.015357,1
148,7,0.01526,1
148,3,0.015134,1
149,6,0.017956,1
149,17,0.017179,1
149,13,0.016657,1
149,28,0.016633,1
149,3,0.01575,1
149,2,0.015192,1
149,5,0.014569,1
149,1,0.014541,1
149,26,0.014488,1
149,84,0.014328,1
150,6,0.025478,1
150,3,0.024618,1
150,15,0.022213,1
150,16,0.021489,1
150,13,0.021156,1
150,38,0.020492,1
150,79,0.018881,1
150,5,0.018109,1
150,2,0.017766,1
150,1,0.016825,1
151,6,0.014559,1
151,2,0.014014,1
151,11,0.013828,1
151,1,0.013809,1
151,3,0.013473,1
151,40,0.013279,1
151,4,0.013273,1
151,84,0.013151,1
151,8,0.013043,1
151,5,0.012937,1
152,11,0.014326,1
152,2,0.01372,1
152,1,0.013522,1
152,7,0.013398,1
152,3,0.01325,1
152,4,0.013234,1
152,5,0.01313,1
152,82,0.013058,1
152,67,0.012929,1
152,17,0.012785,1
153,11,0.0145,1
153,2,0.014364,1
153,1,0.014332,1
153,3,0.014286,1
153,5,0.014183,1
153,10,0.013722,1
153,8,0.013717,1
153,4,0.013619,1
153,7,0.013605,1
153,67,0.013431,1
154,2,0.012505,1
154,11,0.012421,1
154,1,0.012367,1
154,9,0.012321,1
154,3,0.012278,1
154,4,0.012155,1
154,8,0.01203,1
154,5,0.01197,1
154,40,0.011849,1
154,7,0.011827,1
155,84,0.016579,1
155,11,0.01538,1
155,2,0.015232,1
155,3,0.01458,1
155,1,0.014335,1
155,7,0.014125,1
155,5,0.013901,1
155,4,0.013337,1
155,17,0.01328,1
155,6,0.013075,1
156,2,0.015461,1
156,1,0.015287,1
156,7,0.015197,1
156,4,0.015053,1
156,11,0.014829,1
156,3,0.014566,1
156,8,0.014513,1
156,10,0.014473,1
156,5,0.014426,1
156,68,0.014163,1
157,53,0.024082,1
157,58,0.024082,1
157,40,0.014337,1
157,54,0.013966,1
157,9,0.012708,1
157,6,0.012644,1
157,80,0.012349,1
157,11,0.012093,1
157,45,0.012055,1
157,3,0.012004,1
158,80,0.014954,1
158,2,0.014506,1
158,3,0.014314,1
158,1,0.01414,1
158,6,0.014038,1
158,82,0.013996,1
158,4,0.013961,1
158,5,0.01394,1
158,7,0.013717,1
158,40,0.013675,1
159,40,0.013812,1
159,54,0.013714,1
159,80,0.012285,1
159,82,0.011707,1
159,1,0.011675,1
159,3,0.011599,1
159,9,0.011517,1
159,2,0.011461,1
159,6,0.011461,1
159,11,0.011397,1
160,2,0.013896,1
160,1,0.013848,1
160,11,0.013732,1
160,8,0.013571,1
160,4,0.013562,1
160,7,0.013453,1
160,3,0.013428,1
160,5,0.013428,1
160,10,0.01326,1
160,68,0.013116,1
161,89,0.022996,1
161,11,0.022996,1
161,2,0.014382,1
161,1,0.014203,1
161,3,0.014076,1
161,5,0.014046,1
161,7,0.013934,1
161,4,0.013849,1
161,8,0.01363,1
161,10,0.013489,1
162,2,0.014052,1
162,3,0.014046,1
162,1,0.013998,1
162,7,0.013925,1
162,8,0.013911,1
162,5,0.013901,1
162,4,0.013836,1
162,67,0.013736,1
162,10,0.013626,1
162,9,0.012891,1
163,11,0.015219,1
163,16,0.015054,1
163,38,0.014681,1
163,40,0.013829,1
163,3,0.013817,1
163,89,0.013601,1
163,82,0.013234,1
163,5,0.013169,1
163,2,0.01314,1
163,1,0.012859,1
164,11,0.015134,1
164,82,0.01421,1
164,3,0.013771,1
164,89,0.013601,1
164,2,0.013459,1
164,1,0.013401,1
164,5,0.013348,1
164,7,0.013291,1
164,4,0.013111,1
164,8,0.012966,1
165,54,0.031855,1
165,6,0.017059,1
165,40,0.016882,1
165,161,0.016044,1
165,13,0.015227,1
165,11,0.014622,1
165,119,0.014383,1
165,3,0.014131,1
165,1,0.013792,1
165,5,0.01361,1
166,38,0.016958,1
166,11,0.015978,1
166,16,0.014672,1
166,89,0.014597,1
166,40,0.013642,1
166,3,0.013471,1
166,5,0.013131,1
166,2,0.01272,1
166,1,0.012714,1
166,15,0.01264,1
167,3,0.019178,1
167,2,0.018891,1
167,5,0.01876,1
167,1,0.018271,1
167,54,0.018013,1
167,7,0.017831,1
167,6,0.017703,1
167,40,0.017458,1
167,11,0.016889,1
167,4,0.016583,1
168,82,0.015727,1
168,16,0.01569,1
168,11,0.014927,1
168,3,0.01439,1
168,5,0.013463,1
168,38,0.013146,1
168,40,0.013141,1
168,87,0.013097,1
168,89,0.013067,1
168,2,0.013065,1
169,2,0.017541,1
169,82,0.017438,1
169,1,0.017358,1
169,11,0.017195,1
169,4,0.016979,1
169,7,0.016976,1
169,8,0.016137,1
169,10,0.016118,1
169,40,0.015998,1
169,67,0.015986,1
170,11,0.015729,1
170,1,0.015572,1
170,3,0.015482,1
170,5,0.015324,1
170,2,0.015227,1
170,7,0.014892,1
170,4,0.014783,1
170,82,0.01452,1
170,38,0.014419,1
170,67,0.014404,1
171,54,0.017414,1
171,40,0.017187,1
171,2,0.016242,1
171,11,0.016086,1
171,1,0.015893,1
171,3,0.015701,1
171,7,0.015512,1
171,4,0.015494,1
171,5,0.01546,1
171,8,0.015375,1
172,11,0.01643,1
172,82,0.015353,1
172,40,0.015323,1
172,5,0.015176,1
172,3,0.015079,1
172,2,0.01489,1
172,1,0.014786,1
172,89,0.014778,1
172,7,0.014657,1
172,4,0.01437,1
173,15,0.014976,1
173,11,0.014499,1
173,40,0.01374,1
173,38,0.013544,1
173,3,0.013521,1
173,82,0.013423,1
173,5,0.013291,1
173,6,0.013195,1
173,54,0.01308,1
173,2,0.012925,1
174,11,0.016419,1
174,1,0.016029,1
174,2,0.01597,1
174,82,0.015941,1
174,40,0.015766,1
174,4,0.015609,1
174,7,0.015541,1
174,10,0.015432,1
174,8,0.015419,1
174,5,0.01533,1
175,11,0.016467,1
175,16,0.016011,1
175,82,0.015985,1
175,2,0.01505,1
175,1,0.015043,1
175,89,0.014876,1
175,8,0.014705,1
175,54,0.014486,1
175,7,0.014395,1
175,4,0.014354,1
176,47,0.018215,1
176,3,0.017237,1
176,1,0.016896,1
176,8,0.016823,1
176,2,0.016762,1
176,7,0.016535,1
176,4,0.016447,1
176,10,0.016406,1
176,11,0.016276,1
176,5,0.016214,1
177,2,0.018399,1
177,1,0.01828,1
177,16,0.01795,1
177,11,0.017819,1
177,9,0.01781,1
177,8,0.017772,1
177,7,0.01758,1
177,10,0.017335,1
177,4,0.017073,1
177,5,0.016696,1
178,11,0.016802,1
178,2,0.016325,1
178,5,0.016123,1
178,3,0.016012,1
178,1,0.015966,1
178,82,0.015773,1
178,7,0.015721,1
178,4,0.015646,1
178,15,0.015599,1
178,8,0.015369,1
179,3,0.019027,1
179,2,0.018667,1
179,5,0.018614,1
179,11,0.018392,1
179,1,0.018363,1
179,4,0.017945,1
179,7,0.017721,1
179,67,0.017023,1
179,8,0.016828,1
179,10,0.016735,1
180,47,0.019499,1
180,1,0.017135,1
180,2,0.017126,1
180,11,0.016868,1
180,5,0.016784,1
180,7,0.016719,1
180,3,0.016711,1
180,8,0.016366,1
180,4,0.016244,1
180,10,0.016182,1
181,11,0.02123,1
181,3,0.020008,1
181,16,0.020006,1
181,5,0.019857,1
181,1,0.019544,1
181,2,0.019455,1
181,7,0.019117,1
181,4,0.018767,1
181,89,0.01864,1
181,67,0.018396,1
182,1,0.016709,1
182,3,0.016608,1
182,2,0.016437,1
182,8,0.016392,1
182,5,0.016326,1
182,11,0.016268,1
182,7,0.016178,1
182,4,0.016028,1
182,82,0.016016,1
182,10,0.015857,1
183,11,0.01786,1
183,1,0.016537,1
183,2,0.016447,1
183,8,0.015974,1
183,47,0.015887,1
183,3,0.015726,1
183,4,0.015589,1
183,9,0.015548,1
183,7,0.015452,1
183,10,0.015289,1
184,11,0.017345,1
184,1,0.016948,1
184,2,0.016656,1
184,82,0.016462,1
184,54,0.0163,1
184,3,0.016019,1
184,40,0.016017,1
184,5,0.015732,1
184,16,0.015603,1
184,7,0.015568,1
185,3,0.020021,1
185,5,0.019757,1
185,11,0.019373,1
185,2,0.017903,1
185,1,0.017278,1
185,7,0.017128,1
185,4,0.017103,1
185,82,0.016871,1
185,67,0.016776,1
185,89,0.016266,1
186,1,0.019459,1
186,2,0.019307,1
186,11,0.019084,1
186,7,0.018615,1
186,4,0.018161,1
186,89,0.018048,1
186,67,0.017637,1
186,8,0.017336,1
186,10,0.017293,1
186,5,0.016892,1
187,11,0.020253,1
187,89,0.018637,1
187,82,0.017682,1
187,2,0.01736,1
187,1,0.017155,1
187,7,0.017001,1
187,4,0.016939,1
187,5,0.016644,1
187,3,0.01663,1
187,8,0.016491,1
188,16,0.020879,1
188,11,0.018467,1
188,54,0.017658,1
188,2,0.017503,1
188,89,0.017497,1
188,82,0.017368,1
188,38,0.017222,1
188,5,0.017139,1
188,1,0.017089,1
188,3,0.017088,1
189,11,0.020237,1
189,2,0.018561,1
189,1,0.017912,1
189,4,0.017684,1
189,16,0.017585,1
189,7,0.017424,1
189,3,0.0173,1
189,82,0.01728,1
189,89,0.017275,1
189,5,0.017106,1
190,54,0.021317,1
190,40,0.020283,1
190,11,0.019313,1
190,3,0.018028,1
190,6,0.017662,1
190,2,0.017458,1
190,1,0.01729,1
190,4,0.016977,1
190,5,0.016829,1
190,82,0.016752,1
191,54,0.019354,1
191,11,0.019224,1
191,3,0.017893,1
191,2,0.017685,1
191,5,0.017457,1
191,40,0.017384,1
191,82,0.01731,1
191,1,0.016977,1
191,7,0.016771,1
191,16,0.016767,1
192,54,0.02262,1
192,40,0.022285,1
192,11,0.021951,1
192,3,0.02183,1
192,2,0.021213,1
192,6,0.020646,1
192,1,0.020553,1
192,5,0.020281,1
192,7,0.019476,1
192,4,0.018899,1
193,11,0.022698,1
193,2,0.022572,1
193,38,0.02053,1
193,1,0.020434,1
193,3,0.019949,1
193,7,0.019044,1
193,54,0.019004,1
193,4,0.018688,1
193,16,0.018665,1
193,8,0.018594,1
194,11,0.020161,1
194,1,0.019658,1
194,2,0.019132,1
194,3,0.018716,1
194,5,0.018659,1
194,8,0.018596,1
194,7,0.018278,1
194,4,0.018067,1
194,10,0.017935,1
194,82,0.017924,1
195,3,0.021808,1
195,5,0.021012,1
195,16,0.020052,1
195,2,0.019931,1
195,1,0.019451,1
195,40,0.019348,1
195,11,0.019321,1
195,7,0.019317,1
195,15,0.019281,1
195,54,0.018975,1
196,8,0.019356,1
196,2,0.019018,1
196,1,0.01855,1
196,9,0.018295,1
196,3,0.018284,1
196,4,0.018129,1
196,11,0.017935,1
196,10,0.017575,1
196,7,0.017518,1
196,5,0.017328,1
197,2,0.019626,1
197,11,0.019267,1
197,1,0.018879,1
197,16,0.017844,1
197,3,0.017741,1
197,7,0.017686,1
197,5,0.01745,1
197,8,0.017341,1
197,9,0.016723,1
197,10,0.016416,1
198,11,0.021434,1
198,3,0.020083,1
198,54,0.018382,1
198,5,0.018121,1
198,89,0.017823,1
198,40,0.017559,1
198,6,0.01691,1
198,16,0.016835,1
198,15,0.016533,1
198,1,0.016181,1
199,8,0.019567,1
199,9,0.018615,1
199,3,0.016773,1
199,2,0.016438,1
199,11,0.01628,1
199,54,0.016203,1
199,1,0.016165,1
199,7,0.015589,1
199,40,0.01558,1
199,5,0.015519,1
200,16,0.021715,1
200,11,0.019581,1
200,89,0.018179,1
200,2,0.017781,1
200,82,0.017769,1
200,1,0.017605,1
200,9,0.017484,1
200,38,0.01726,1
200,8,0.017143,1
200,3,0.017104,1
1,226,0.033836,2
1,237,0.032627,2
1,255,0.02436,2
1,296,0.023034,2
1,276,0.022229,2
1,262,0.021961,2
1,232,0.021903,2
1,270,0.021806,2
1,252,0.021716,2
1,275,0.020594,2
2,261,0.025122,2
2,226,0.023,2
2,187,0.021606,2
2,237,0.021068,2
2,275,0.020002,2
2,280,0.019364,2
2,255,0.018831,2
2,232,0.018398,2
2,197,0.018363,2
2,188,0.018122,2
3,226,0.046127,2
3,237,0.045508,2
3,232,0.035657,2
3,255,0.035428,2
3,297,0.033895,2
3,247,0.033176,2
3,273,0.032314,2
3,222,0.0321,2
3,275,0.022207,2
3,261,0.02028,2
4,232,0.048785,2
4,255,0.047323,2
4,222,0.045712,2
4,247,0.044761,2
4,273,0.041083,2
4,237,0.035317,2
4,226,0.034315,2
4,274,0.034132,2
4,276,0.033333,2
4,270,0.031351,2
5,247,0.076808,2
5,222,0.076808,2
5,273,0.076808,2
5,232,0.076808,2
5,255,0.051227,2
5,226,0.036035,2
5,237,0.035165,2
5,317,0.020208,2
5,276,0.019587,2
5,284,0.019002,2
6,276,0.025232,2
6,226,0.023484,2
6,237,0.023461,2
6,232,0.023063,2
6,274,0.022909,2
6,255,0.022776,2
6,284,0.022084,2
6,262,0.021833,2
6,478,0.021819,2
6,247,0.021663,2
7,255,0.046783,2
7,232,0.03194,2
7,222,0.031858,2
7,247,0.03013,2
7,273,0.028374,2
7,226,0.023919,2
7,237,0.022977,2
7,276,0.021453,2
7,262,0.0214,2
7,252,0.021388,2
8,226,0.044271,2
8,237,0.042123,2
8,255,0.029602,2
8,232,0.027309,2
8,247,0.025124,2
8,222,0.025017,2
8,273,0.023618,2
8,297,0.022036,2
8,274,0.021891,2
8,317,0.020165,2
9,255,0.031871,2
9,232,0.029488,2
9,222,0.028929,2
9,226,0.027324,2
9,237,0.026575,2
9,247,0.026072,2
9,273,0.024114,2
9,296,0.02277,2
9,276,0.021615,2
9,274,0.019259,2
10,226,0.02843,2
10,237,0.028116,2
10,255,0.022421,2
10,262,0.020767,2
10,270,0.020714,2
10,274,0.020574,2
10,232,0.020137,2
10,252,0.019689,2
10,276,0.019671,2
10,296,0.019563,2
11,478,0.042101,2
11,266,0.02134,2
11,276,0.018848,2
11,284,0.018418,2
11,261,0.018179,2
11,252,0.017822,2
11,232,0.017477,2
11,262,0.017471,2
11,270,0.017377,2
11,255,0.017361,2
12,226,0.027148,2
12,237,0.024932,2
12,222,0.022605,2
12,232,0.022286,2
12,255,0.0199,2
12,186,0.018762,2
12,196,0.018575,2
12,306,0.0183,2
12,274,0.018208,2
12,247,0.017956,2
13,237,0.05026,2
13,317,0.05026,2
13,226,0.05026,2
13,255,0.024684,2
13,261,0.023195,2
13,232,0.022151,2
13,276,0.021631,2
13,247,0.02163,2
13,222,0.020929,2
13,273,0.020576,2
14,226,0.040438,2
14,237,0.037658,2
14,255,0.026042,2
14,232,0.025947,2
14,222,0.023631,2
14,247,0.022038,2
14,297,0.021958,2
14,274,0.020796,2
14,273,0.019933,2
14,315,0.018815,2
15,226,0.026549,2
15,237,0.025303,2
15,280,0.019584,2
15,266,0.019452,2
15,275,0.019329,2
15,261,0.019197,2
15,277,0.019091,2
15,369,0.018483,2
15,255,0.018052,2
15,290,0.017876,2
16,255,0.056521,2
16,232,0.054302,2
16,222,0.052038,2
16,247,0.046512,2
16,226,0.044325,2
16,273,0.041796,2
16,237,0.041656,2
16,274,0.032356,2
16,270,0.030968,2
16,197,0.03048,2
17,196,0.0197,2
17,283,0.018577,2
17,321,0.016118,2
17,277,0.016003,2
17,208,0.015442,2
17,188,0.014557,2
17,266,0.014502,2
17,263,0.014175,2
17,313,0.014076,2
17,298,0.01364,2
18,196,0.014177,2
18,275,0.013077,2
18,188,0.012971,2
18,208,0.012529,2
18,277,0.012347,2
18,266,0.012271,2
18,261,0.012249,2
18,321,0.012117,2
18,263,0.011973,2
18,296,0.011857,2
19,188,0.019265,2
19,224,0.016933,2
19,330,0.015669,2
19,319,0.015594,2
19,208,0.015147,2
19,332,0.015116,2
19,263,0.014708,2
19,353,0.012778,2
19,321,0.012345,2
19,186,0.012308,2
20,196,0.018024,2
20,321,0.016229,2
20,283,0.015207,2
20,208,0.01518,2
20,334,0.015144,2
20,188,0.014498,2
20,263,0.013367,2
20,224,0.012975,2
20,252,0.012967,2
20,262,0.012931,2
21,188,0.026059,2
21,283,0.02381,2
21,196,0.022451,2
21,353,0.021829,2
21,224,0.021254,2
21,208,0.019845,2
21,226,0.018744,2
21,263,0.018006,2
21,332,0.017586,2
21,321,0.017128,2
22,187,0.024469,2
22,211,0.023581,2
22,249,0.020511,2
22,276,0.01836,2
22,197,0.018281,2
22,284,0.018048,2
22,252,0.017499,2
22,190,0.017437,2
22,275,0.016829,2
22,385,0.016605,2
23,188,0.030861,2
23,208,0.027028,2
23,211,0.025258,2
23,334,0.02513,2
23,224,0.024585,2
23,391,0.022858,2
23,196,0.022793,2
23,353,0.021924,2
23,321,0.020866,2
23,332,0.020351,2
24,188,0.032019,2
24,224,0.027534,2
24,208,0.027381,2
24,321,0.025329,2
24,332,0.024799,2
24,283,0.024788,2
24,196,0.023704,2
24,334,0.023018,2
24,263,0.020977,2
24,391,0.019925,2
25,249,0.040346,2
25,211,0.032504,2
25,208,0.032366,2
25,330,0.030184,2
25,385,0.029903,2
25,334,0.028743,2
25,196,0.028182,2
25,188,0.027511,2
25,353,0.024453,2
25,224,0.024427,2
26,188,0.02014,2
26,196,0.01994,2
26,208,0.018666,2
26,266,0.018026,2
26,303,0.017442,2
26,280,0.01729,2
26,290,0.016325,2
26,261,0.016275,2
26,224,0.016042,2
26,382,0.015997,2
27,298,0.018171,2
27,188,0.017936,2
27,266,0.01747,2
27,196,0.017134,2
27,276,0.016984,2
27,290,0.016924,2
27,284,0.015972,2
27,208,0.015387,2
27,285,0.015266,2
27,377,0.015219,2
28,188,0.032772,2
28,196,0.032007,2
28,208,0.030261,2
28,321,0.026293,2
28,224,0.025052,2
28,283,0.024499,2
28,334,0.020893,2
28,332,0.020434,2
28,263,0.020349,2
28,422,0.018392,2
29,185,0.03598,2
29,216,0.031653,2
29,186,0.031558,2
29,190,0.031011,2
29,320,0.02624,2
29,187,0.026124,2
29,192,0.025757,2
29,188,0.025331,2
29,319,0.022611,2
29,330,0.019973,2
30,196,0.031104,2
30,188,0.028693,2
30,208,0.026775,2
30,321,0.026247,2
30,283,0.025836,2
30,224,0.025572,2
30,263,0.02361,2
30,334,0.022893,2
30,332,0.021834,2
30,364,0.019964,2
31,185,0.018987,2
31,190,0.018718,2
31,186,0.018024,2
31,261,0.018019,2
31,320,0.01759,2
31,192,0.017324,2
31,319,0.016865,2
31,276,0.016756,2
31,369,0.016332,2
31,252,0.01627,2
32,188,0.016002,2
32,224,0.014841,2
32,263,0.013855,2
32,332,0.013805,2
32,187,0.01374,2
32,208,0.013298,2
32,186,0.012508,2
32,322,0.01246,2
32,190,0.012446,2
32,334,0.012377,2
33,185,0.015167,2
33,187,0.013597,2
33,190,0.013019,2
33,277,0.012389,2
33,188,0.011944,2
33,186,0.011804,2
33,276,0.011779,2
33,261,0.011656,2
33,330,0.011616,2
33,284,0.011604,2
34,275,0.024315,2
34,187,0.014012,2
34,188,0.012544,2
34,185,0.012503,2
34,296,0.012237,2
34,190,0.011552,2
34,330,0.011289,2
34,186,0.011082,2
34,224,0.01072,2
34,326,0.010719,2
35,315,0.046163,2
35,255,0.018908,2
35,232,0.018644,2
35,276,0.018293,2
35,226,0.017402,2
35,222,0.017024,2
35,237,0.016944,2
35,247,0.016715,2
35,296,0.016713,2
35,297,0.016642,2
36,197,0.019629,2
36,187,0.018832,2
36,226,0.018128,2
36,274,0.017526,2
36,237,0.016854,2
36,232,0.016317,2
36,188,0.016024,2
36,196,0.015989,2
36,222,0.015704,2
36,255,0.015335,2
37,255,0.035926,2
37,232,0.033008,2
37,247,0.032553,2
37,222,0.029729,2
37,273,0.028084,2
37,226,0.027736,2
37,237,0.02677,2
37,306,0.023819,2
37,400,0.022504,2
37,387,0.020961,2
38,255,0.022761,2
38,297,0.021491,2
38,232,0.021217,2
38,237,0.020377,2
38,222,0.019714,2
38,247,0.019704,2
38,226,0.019697,2
38,400,0.018982,2
38,387,0.01894,2
38,273,0.017913,2
39,232,0.039184,2
39,222,0.037785,2
39,247,0.03599,2
39,255,0.034971,2
39,273,0.033867,2
39,226,0.031869,2
39,237,0.030816,2
39,306,0.018995,2
39,276,0.016951,2
39,400,0.016853,2
40,226,0.042546,2
40,237,0.041777,2
40,255,0.027851,2
40,273,0.021916,2
40,297,0.020584,2
40,299,0.020231,2
40,274,0.019055,2
40,270,0.018055,2
40,315,0.016083,2
40,262,0.016063,2
41,400,0.051757,2
41,306,0.051757,2
41,237,0.022261,2
41,226,0.022219,2
41,276,0.019777,2
41,387,0.01973,2
41,403,0.01895,2
41,270,0.018929,2
41,262,0.018296,2
41,274,0.017909,2
42,402,0.054668,2
42,403,0.054668,2
42,387,0.054668,2
42,276,0.025772,2
42,400,0.024638,2
42,237,0.023662,2
42,262,0.021651,2
42,306,0.021247,2
42,226,0.021148,2
42,270,0.019899,2
43,197,0.020394,2
43,276,0.018278,2
43,266,0.018162,2
43,226,0.017616,2
43,237,0.017097,2
43,284,0.017088,2
43,275,0.01652,2
43,187,0.016357,2
43,274,0.016204,2
43,261,0.016188,2
44,275,0.014207,2
44,277,0.013101,2
44,261,0.012804,2
44,187,0.012774,2
44,266,0.012609,2
44,285,0.012434,2
44,313,0.011775,2
44,290,0.011752,2
44,252,0.011747,2
44,280,0.011623,2
45,277,0.026253,2
45,379,0.026253,2
45,334,0.014171,2
45,208,0.012841,2
45,196,0.012809,2
45,266,0.011835,2
45,391,0.011578,2
45,321,0.011485,2
45,290,0.011277,2
45,188,0.011249,2
46,391,0.02806,2
46,188,0.013728,2
46,211,0.013477,2
46,187,0.013464,2
46,334,0.012672,2
46,266,0.012489,2
46,277,0.01245,2
46,249,0.01231,2
46,224,0.012078,2
46,290,0.011952,2
47,211,0.013891,2
47,329,0.013351,2
47,334,0.012768,2
47,391,0.0126,2
47,249,0.012336,2
47,266,0.011662,2
47,280,0.011567,2
47,290,0.011457,2
47,208,0.011331,2
47,187,0.011223,2
48,303,0.032747,2
48,334,0.015849,2
48,211,0.015322,2
48,208,0.015206,2
48,196,0.014861,2
48,321,0.013518,2
48,275,0.013429,2
48,249,0.013407,2
48,188,0.013116,2
48,353,0.013012,2
49,197,0.017285,2
49,211,0.015867,2
49,187,0.013316,2
49,249,0.013039,2
49,277,0.011793,2
49,329,0.011592,2
49,261,0.011446,2
49,266,0.010937,2
49,385,0.010886,2
49,188,0.010825,2
50,197,0.014718,2
50,334,0.013776,2
50,211,0.013684,2
50,196,0.013239,2
50,208,0.012889,2
50,249,0.011918,2
50,188,0.011603,2
50,321,0.011498,2
50,187,0.011255,2
50,186,0.011177,2
51,211,0.025058,2
51,458,0.025058,2
51,187,0.01455,2
51,277,0.011924,2
51,301,0.011688,2
51,249,0.011669,2
51,188,0.011281,2
51,391,0.010786,2
51,190,0.010713,2
51,266,0.010696,2
52,216,0.020541,2
52,249,0.016476,2
52,385,0.013687,2
52,185,0.011745,2
52,266,0.011582,2
52,186,0.011555,2
52,189,0.011286,2
52,190,0.011245,2
52,211,0.010622,2
52,290,0.010452,2
53,197,0.016203,2
53,277,0.015549,2
53,211,0.014416,2
53,266,0.012834,2
53,249,0.012268,2
53,187,0.012228,2
53,185,0.012188,2
53,310,0.012175,2
53,298,0.012054,2
53,261,0.011904,2
54,211,0.015367,2
54,261,0.012133,2
54,249,0.012133,2
54,197,0.011851,2
54,266,0.011647,2
54,297,0.011562,2
54,277,0.011402,2
54,299,0.011351,2
54,252,0.011323,2
54,275,0.011094,2
55,415,0.026071,2
55,211,0.01303,2
55,197,0.012089,2
55,275,0.012038,2
55,266,0.011989,2
55,249,0.011663,2
55,280,0.011507,2
55,290,0.01138,2
55,261,0.011071,2
55,382,0.010806,2
56,301,0.031957,2
56,211,0.021408,2
56,249,0.016938,2
56,187,0.016369,2
56,458,0.014774,2
56,216,0.014005,2
56,188,0.013906,2
56,185,0.013089,2
56,186,0.013025,2
56,190,0.012822,2
57,398,0.021573,2
57,407,0.021573,2
57,482,0.021573,2
57,490,0.021573,2
57,483,0.021573,2
57,408,0.021573,2
57,480,0.021573,2
57,211,0.014746,2
57,249,0.01257,2
57,261,0.011053,2
58,249,0.022378,2
58,261,0.022378,2
58,285,0.022378,2
58,385,0.022378,2
58,496,0.022378,2
58,504,0.022378,2
58,185,0.012571,2
58,190,0.012301,2
58,252,0.011836,2
58,266,0.011431,2
59,249,0.024764,2
59,211,0.018858,2
59,385,0.017099,2
59,266,0.016876,2
59,290,0.016045,2
59,277,0.015827,2
59,261,0.014995,2
59,280,0.014911,2
59,298,0.014689,2
59,285,0.014179,2
60,497,0.030555,2
60,211,0.016694,2
60,249,0.015733,2
60,306,0.015051,2
60,188,0.014328,2
60,266,0.014081,2
60,418,0.014078,2
60,276,0.013729,2
60,280,0.013605,2
60,261,0.013213,2
61,249,0.021066,2
61,185,0.018477,2
61,211,0.018476,2
61,190,0.017592,2
61,186,0.016399,2
61,188,0.015076,2
61,391,0.014909,2
61,385,0.014792,2
61,187,0.014614,2
61,320,0.014332,2
62,185,0.016047,2
62,190,0.015697,2
62,186,0.015014,2
62,320,0.014255,2
62,216,0.014108,2
62,192,0.013886,2
62,319,0.013658,2
62,249,0.013461,2
62,330,0.012338,2
62,353,0.012015,2
63,418,0.023728,2
63,186,0.015447,2
63,216,0.014892,2
63,190,0.014744,2
63,319,0.014688,2
63,185,0.014552,2
63,192,0.014262,2
63,320,0.013303,2
63,353,0.012547,2
63,249,0.011812,2
64,188,0.013635,2
64,211,0.013275,2
64,187,0.012484,2
64,334,0.012404,2
64,391,0.012162,2
64,190,0.012105,2
64,186,0.01179,2
64,208,0.011582,2
64,224,0.011429,2
64,322,0.011054,2
65,216,0.026019,2
65,249,0.014601,2
65,186,0.012748,2
65,185,0.012323,2
65,190,0.01197,2
65,189,0.011945,2
65,385,0.011764,2
65,319,0.011647,2
65,192,0.011176,2
65,276,0.011045,2
66,211,0.015653,2
66,188,0.013593,2
66,334,0.013046,2
66,391,0.012691,2
66,187,0.012485,2
66,208,0.012196,2
66,322,0.011896,2
66,224,0.011244,2
66,190,0.011168,2
66,458,0.010956,2
67,249,0.017042,2
67,197,0.015652,2
67,186,0.01451,2
67,385,0.013774,2
67,190,0.012719,2
67,192,0.012514,2
67,185,0.012278,2
67,196,0.011929,2
67,319,0.011898,2
67,208,0.011322,2
68,186,0.016162,2
68,192,0.015377,2
68,319,0.01519,2
68,330,0.014605,2
68,190,0.014243,2
68,185,0.013,2
68,353,0.012812,2
68,283,0.011978,2
68,320,0.011886,2
68,189,0.011837,2
69,334,0.015004,2
69,196,0.014104,2
69,321,0.014036,2
69,208,0.013873,2
69,211,0.012928,2
69,188,0.012726,2
69,197,0.011777,2
69,322,0.01176,2
69,224,0.011238,2
69,275,0.01105,2
70,334,0.014236,2
70,188,0.014201,2
70,211,0.013995,2
70,187,0.013787,2
70,208,0.013706,2
70,321,0.012337,2
70,196,0.012267,2
70,329,0.011993,2
70,322,0.011501,2
70,224,0.011259,2
71,188,0.02051,2
71,211,0.020429,2
71,208,0.01936,2
71,318,0.017951,2
71,334,0.01701,2
71,224,0.01629,2
71,321,0.015819,2
71,391,0.015649,2
71,303,0.015125,2
71,332,0.014919,2
72,187,0.016241,2
72,208,0.015562,2
72,322,0.01461,2
72,188,0.014571,2
72,334,0.014445,2
72,329,0.014137,2
72,321,0.014137,2
72,196,0.013909,2
72,197,0.013202,2
72,224,0.012741,2
73,353,0.022039,2
73,196,0.019697,2
73,249,0.018804,2
73,283,0.018463,2
73,188,0.017808,2
73,208,0.01742,2
73,224,0.01615,2
73,263,0.01587,2
73,334,0.015636,2
73,321,0.015114,2
74,303,0.056422,2
74,318,0.036355,2
74,211,0.03107,2
74,188,0.030389,2
74,208,0.030218,2
74,196,0.029536,2
74,396,0.027805,2
74,321,0.025808,2
74,334,0.025806,2
74,249,0.025716,2
75,321,0.023159,2
75,208,0.017072,2
75,283,0.01545,2
75,196,0.015405,2
75,322,0.014979,2
75,334,0.014927,2
75,187,0.014794,2
75,188,0.014697,2
75,364,0.014637,2
75,197,0.014137,2
76,208,0.016808,2
76,334,0.016556,2
76,188,0.01536,2
76,196,0.015145,2
76,321,0.014991,2
76,224,0.014339,2
76,364,0.01418,2
76,263,0.013997,2
76,322,0.013447,2
76,187,0.013287,2
77,216,0.013782,2
77,186,0.013596,2
77,319,0.013256,2
77,192,0.013149,2
77,185,0.013098,2
77,330,0.013082,2
77,190,0.012878,2
77,353,0.0127,2
77,189,0.012605,2
77,320,0.012461,2
78,188,0.01672,2
78,187,0.015673,2
78,353,0.013907,2
78,224,0.013576,2
78,208,0.013484,2
78,329,0.012303,2
78,391,0.012244,2
78,334,0.012164,2
78,326,0.012007,2
78,185,0.012002,2
79,185,0.016203,2
79,190,0.015584,2
79,186,0.015108,2
79,320,0.014766,2
79,192,0.014479,2
79,319,0.014252,2
79,353,0.013042,2
79,330,0.012593,2
79,216,0.01098,2
79,188,0.01087,2
80,266,0.017267,2
80,280,0.017267,2
80,290,0.017267,2
80,334,0.017267,2
80,382,0.017267,2
80,406,0.017267,2
80,465,0.017267,2
80,473,0.017267,2
80,474,0.017267,2
80,485,0.017267,2
81,405,0.020795,2
81,313,0.020795,2
81,330,0.014534,2
81,186,0.013548,2
81,185,0.013441,2
81,190,0.01333,2
81,189,0.013269,2
81,192,0.013175,2
81,319,0.012982,2
81,320,0.012652,2
82,488,0.022882,2
82,187,0.015202,2
82,188,0.014844,2
82,208,0.014241,2
82,334,0.013307,2
82,329,0.013046,2
82,322,0.012787,2
82,224,0.012738,2
82,434,0.012704,2
82,326,0.01236,2
83,187,0.014901,2
83,208,0.014627,2
83,188,0.014171,2
83,334,0.013199,2
83,321,0.012601,2
83,322,0.012514,2
83,224,0.012322,2
83,364,0.012163,2
83,196,0.011789,2
83,326,0.011677,2
84,475,0.020734,2
84,322,0.020734,2
84,434,0.020734,2
84,443,0.020734,2
84,208,0.015236,2
84,188,0.014534,2
84,187,0.014484,2
84,334,0.014228,2
84,321,0.013699,2
84,224,0.013009,2
85,276,0.017084,2
85,284,0.017084,2
85,298,0.017084,2
85,330,0.017084,2
85,377,0.017084,2
85,381,0.017084,2
85,423,0.017084,2
85,479,0.017084,2
85,491,0.017084,2
85,503,0.017084,2
86,419,0.022747,2
86,416,0.022747,2
86,330,0.015077,2
86,423,0.014626,2
86,421,0.01425,2
86,185,0.014011,2
86,425,0.014002,2
86,319,0.013999,2
86,186,0.013847,2
86,190,0.013594,2
87,505,0.021546,2
87,185,0.015499,2
87,189,0.015348,2
87,190,0.015257,2
87,186,0.015007,2
87,192,0.014532,2
87,319,0.014514,2
87,320,0.014474,2
87,353,0.013209,2
87,330,0.013072,2
88,216,0.015783,2
88,353,0.01407,2
88,190,0.014042,2
88,185,0.01381,2
88,186,0.013499,2
88,319,0.013313,2
88,330,0.013284,2
88,192,0.013027,2
88,320,0.012796,2
88,189,0.012502,2
89,197,0.020324,2
89,373,0.020324,2
89,501,0.020324,2
89,296,0.020324,2
89,369,0.020324,2
89,196,0.014745,2
89,208,0.012315,2
89,334,0.011785,2
89,364,0.011685,2
89,321,0.011396,2
90,196,0.013053,2
90,364,0.01297,2
90,208,0.012626,2
90,283,0.012585,2
90,263,0.012337,2
90,334,0.011826,2
90,461,0.011418,2
90,321,0.011394,2
90,422,0.010587,2
90,276,0.010483,2
91,208,0.015563,2
91,196,0.014769,2
91,329,0.014423,2
91,334,0.014271,2
91,364,0.013326,2
91,197,0.013014,2
91,321,0.012979,2
91,422,0.012662,2
91,426,0.012394,2
91,188,0.011928,2
92,208,0.017463,2
92,187,0.016555,2
92,196,0.016318,2
92,188,0.016231,2
92,321,0.01557,2
92,329,0.014954,2
92,224,0.01474,2
92,334,0.014444,2
92,326,0.01395,2
92,332,0.013774,2
93,500,0.022911,2
93,188,0.014062,2
93,224,0.013473,2
93,319,0.013196,2
93,332,0.012433,2
93,330,0.012244,2
93,263,0.011888,2
93,208,0.011876,2
93,187,0.011822,2
93,353,0.01102,2
94,188,0.019,2
94,187,0.018577,2
94,208,0.016764,2
94,224,0.015663,2
94,196,0.015138,2
94,332,0.014408,2
94,322,0.014406,2
94,434,0.014361,2
94,326,0.014276,2
94,334,0.014146,2
95,397,0.022916,2
95,410,0.022916,2
95,422,0.022916,2
95,426,0.022916,2
95,208,0.014638,2
95,196,0.014597,2
95,334,0.013778,2
95,364,0.013738,2
95,263,0.013686,2
95,224,0.012445,2
96,186,0.016146,2
96,192,0.015659,2
96,319,0.015658,2
96,330,0.015595,2
96,353,0.015077,2
96,190,0.014638,2
96,185,0.014498,2
96,320,0.013352,2
96,283,0.012639,2
96,196,0.01182,2
97,224,0.017796,2
97,332,0.017796,2
97,392,0.017796,2
97,420,0.017796,2
97,470,0.017796,2
97,187,0.017796,2
97,188,0.017796,2
97,263,0.017796,2
97,326,0.017796,2
97,208,0.012917,2
98,186,0.017428,2
98,192,0.016643,2
98,319,0.01661,2
98,330,0.01623,2
98,353,0.015629,2
98,283,0.012618,2
98,197,0.01231,2
98,190,0.012246,2
98,185,0.012195,2
98,189,0.011609,2
99,409,0.029105,2
99,188,0.015607,2
99,261,0.014016,2
99,224,0.013402,2
99,353,0.013048,2
99,285,0.012845,2
99,252,0.012777,2
99,275,0.012741,2
99,332,0.01246,2
99,266,0.012205,2
100,461,0.023352,2
100,283,0.023352,2
100,196,0.015737,2
100,208,0.014821,2
100,321,0.01442,2
100,197,0.014155,2
100,364,0.013758,2
100,263,0.01325,2
100,334,0.012757,2
100,224,0.012482,2
101,262,0.060333,2
101,270,0.053045,2
101,276,0.053003,2
101,252,0.050915,2
101,274,0.046979,2
101,306,0.044049,2
101,275,0.043971,2
101,284,0.037511,2
101,402,0.035771,2
101,317,0.035704,2
102,226,0.046138,2
102,237,0.043941,2
102,232,0.036315,2
102,222,0.035182,2
102,255,0.033551,2
102,247,0.03212,2
102,273,0.027787,2
102,274,0.019925,2
102,197,0.019698,2
102,275,0.019131,2
103,237,0.037921,2
103,226,0.036912,2
103,255,0.03041,2
103,273,0.027735,2
103,232,0.026854,2
103,222,0.025519,2
103,247,0.025437,2
103,262,0.022249,2
103,400,0.022188,2
103,306,0.021623,2
104,255,0.033418,2
104,232,0.03333,2
104,247,0.031746,2
104,222,0.031116,2
104,273,0.028204,2
104,276,0.023768,2
104,297,0.02302,2
104,306,0.022567,2
104,261,0.022522,2
104,317,0.022337,2
105,232,0.061422,2
105,222,0.059605,2
105,247,0.055432,2
105,255,0.051432,2
105,273,0.049965,2
105,226,0.039467,2
105,237,0.037514,2
105,276,0.024784,2
105,317,0.023122,2
105,252,0.023076,2
106,237,0.039718,2
106,226,0.039639,2
106,273,0.037126,2
106,255,0.035893,2
106,232,0.034794,2
106,247,0.033648,2
106,222,0.028587,2
106,274,0.027796,2
106,276,0.027545,2
106,317,0.026997,2
107,255,0.040339,2
107,232,0.038371,2
107,222,0.036946,2
107,226,0.036916,2
107,237,0.035568,2
107,247,0.033128,2
107,274,0.031266,2
107,273,0.030983,2
107,270,0.030293,2
107,297,0.029721,2
108,313,0.067332,2
108,285,0.041907,2
108,310,0.032061,2
108,188,0.031992,2
108,308,0.027532,2
108,211,0.027221,2
108,187,0.024658,2
108,186,0.024529,2
108,249,0.022073,2
108,241,0.020955,2
109,255,0.023752,2
109,261,0.023087,2
109,232,0.02195,2
109,226,0.021211,2
109,247,0.021063,2
109,276,0.020993,2
109,270,0.020741,2
109,274,0.020673,2
109,252,0.02056,2
109,297,0.020288,2
110,237,0.033796,2
110,226,0.032836,2
110,261,0.024871,2
110,232,0.023777,2
110,317,0.0237,2
110,297,0.023652,2
110,255,0.023642,2
110,296,0.02312,2
110,247,0.022872,2
110,387,0.022736,2
111,226,0.022471,2
111,274,0.020995,2
111,237,0.020793,2
111,232,0.020485,2
111,222,0.020369,2
111,196,0.018945,2
111,187,0.018204,2
111,255,0.018184,2
111,293,0.017812,2
111,188,0.016834,2
112,232,0.034277,2
112,222,0.031313,2
112,247,0.03083,2
112,255,0.029229,2
112,273,0.028227,2
112,237,0.026647,2
112,226,0.026584,2
112,400,0.021117,2
112,306,0.019941,2
112,197,0.019903,2
113,232,0.036213,2
113,222,0.03437,2
113,255,0.031431,2
113,226,0.029165,2
113,247,0.028428,2
113,237,0.027073,2
113,274,0.026322,2
113,273,0.025964,2
113,270,0.02324,2
113,297,0.022088,2
114,255,0.035636,2
114,232,0.035146,2
114,222,0.034446,2
114,247,0.033322,2
114,317,0.030727,2
114,306,0.028838,2
114,273,0.027228,2
114,274,0.025425,2
114,270,0.023652,2
114,400,0.02352,2
115,369,0.021788,2
115,261,0.020639,2
115,373,0.019477,2
115,276,0.01889,2
115,296,0.018775,2
115,252,0.018348,2
115,280,0.01784,2
115,262,0.017768,2
115,275,0.017576,2
115,277,0.017475,2
116,274,0.02375,2
116,252,0.022462,2
116,270,0.022063,2
116,262,0.021881,2
116,276,0.021675,2
116,275,0.021573,2
116,284,0.021298,2
116,261,0.02089,2
116,278,0.020351,2
116,296,0.020228,2
117,201,0.097336,2
117,313,0.059948,2
117,285,0.044956,2
117,249,0.043888,2
117,216,0.043075,2
117,191,0.037431,2
117,185,0.037295,2
117,266,0.033108,2
117,277,0.027452,2
117,308,0.022852,2
118,237,0.02998,2
118,255,0.022185,2
118,261,0.020842,2
118,275,0.018565,2
118,276,0.018322,2
118,266,0.018227,2
118,380,0.017849,2
118,273,0.01768,2
118,252,0.017637,2
118,284,0.01758,2
119,237,0.026995,2
119,188,0.02427,2
119,255,0.021433,2
119,196,0.02104,2
119,226,0.02098,2
119,262,0.019655,2
119,208,0.019205,2
119,224,0.018835,2
119,276,0.018239,2
119,321,0.017806,2
120,301,0.090436,2
120,263,0.046939,2
120,283,0.044369,2
120,307,0.044108,2
120,410,0.042877,2
120,297,0.039606,2
120,309,0.036691,2
120,305,0.036496,2
120,364,0.030463,2
120,392,0.030028,2
121,276,0.022902,2
121,237,0.022319,2
121,226,0.022283,2
121,255,0.021988,2
121,284,0.0213,2
121,274,0.02056,2
121,280,0.020386,2
121,262,0.020308,2
121,261,0.02028,2
121,273,0.019963,2
122,285,0.02037,2
122,277,0.018055,2
122,266,0.017886,2
122,275,0.016492,2
122,226,0.016423,2
122,290,0.016275,2
122,261,0.015781,2
122,255,0.015702,2
122,237,0.015692,2
122,252,0.0149,2
123,196,0.021259,2
123,188,0.018136,2
123,321,0.017936,2
123,208,0.017852,2
123,283,0.017849,2
123,263,0.017785,2
123,277,0.016691,2
123,266,0.016547,2
123,261,0.016189,2
123,290,0.015957,2
124,414,0.037881,2
124,384,0.037881,2
124,498,0.037881,2
124,261,0.019566,2
124,277,0.018652,2
124,252,0.017498,2
124,285,0.017353,2
124,310,0.016853,2
124,276,0.016738,2
124,266,0.016589,2
125,266,0.017462,2
125,280,0.017146,2
125,188,0.016193,2
125,290,0.015862,2
125,261,0.015605,2
125,285,0.014809,2
125,276,0.014614,2
125,284,0.01434,2
125,398,0.014283,2
125,382,0.014187,2
126,188,0.02186,2
126,353,0.017579,2
126,196,0.017009,2
126,208,0.016199,2
126,224,0.016047,2
126,283,0.015394,2
126,321,0.014622,2
126,332,0.01392,2
126,263,0.013754,2
126,334,0.01349,2
127,196,0.017502,2
127,188,0.01672,2
127,266,0.016252,2
127,277,0.016178,2
127,276,0.016119,2
127,321,0.015524,2
127,252,0.015378,2
127,283,0.01513,2
127,290,0.015115,2
127,261,0.014938,2
128,211,0.028122,2
128,216,0.026015,2
128,249,0.024849,2
128,379,0.021897,2
128,185,0.021154,2
128,385,0.020538,2
128,190,0.020498,2
128,197,0.020367,2
128,188,0.019475,2
128,187,0.019063,2
129,401,0.024774,2
129,211,0.012877,2
129,329,0.012547,2
129,285,0.012394,2
129,276,0.012291,2
129,306,0.01199,2
129,266,0.011919,2
129,277,0.011871,2
129,187,0.011729,2
129,284,0.011484,2
130,334,0.013523,2
130,197,0.012246,2
130,196,0.011705,2
130,187,0.011677,2
130,329,0.011611,2
130,208,0.011438,2
130,266,0.011329,2
130,296,0.011173,2
130,188,0.01108,2
130,252,0.010954,2
131,188,0.034302,2
131,391,0.027209,2
131,208,0.026772,2
131,224,0.026151,2
131,211,0.025493,2
131,321,0.024028,2
131,196,0.022981,2
131,332,0.022979,2
131,334,0.022524,2
131,353,0.022265,2
132,188,0.020196,2
132,224,0.016165,2
132,208,0.015989,2
132,196,0.0157,2
132,321,0.015412,2
132,332,0.014905,2
132,334,0.014051,2
132,283,0.013272,2
132,263,0.013167,2
132,277,0.013018,2
133,197,0.020316,2
133,196,0.018502,2
133,188,0.018249,2
133,187,0.017287,2
133,208,0.017032,2
133,321,0.016846,2
133,283,0.015664,2
133,224,0.015192,2
133,334,0.014762,2
133,329,0.014427,2
134,226,0.020999,2
134,237,0.0208,2
134,297,0.020142,2
134,274,0.019537,2
134,299,0.018974,2
134,301,0.018199,2
134,293,0.018024,2
134,270,0.016613,2
134,387,0.016368,2
134,305,0.015966,2
135,255,0.034261,2
135,226,0.030678,2
135,232,0.029877,2
135,237,0.029631,2
135,222,0.028886,2
135,247,0.028145,2
135,273,0.025805,2
135,274,0.024347,2
135,270,0.022124,2
135,299,0.021221,2
136,237,0.037462,2
136,226,0.03578,2
136,403,0.029002,2
136,387,0.02862,2
136,317,0.028036,2
136,276,0.025901,2
136,306,0.025867,2
136,400,0.025792,2
136,255,0.025744,2
136,315,0.025017,2
137,255,0.030479,2
137,226,0.02871,2
137,237,0.028454,2
137,273,0.027945,2
137,232,0.02699,2
137,247,0.025173,2
137,222,0.023316,2
137,274,0.020802,2
137,299,0.018115,2
137,297,0.017739,2
138,237,0.042251,2
138,255,0.029002,2
138,273,0.023327,2
138,274,0.022792,2
138,297,0.022506,2
138,400,0.022412,2
138,276,0.021303,2
138,262,0.020863,2
138,252,0.019889,2
138,270,0.01971,2
139,226,0.030086,2
139,237,0.029119,2
139,187,0.027393,2
139,188,0.021318,2
139,232,0.020541,2
139,197,0.020492,2
139,255,0.019793,2
139,317,0.019192,2
139,247,0.018646,2
139,222,0.018554,2
140,226,0.029705,2
140,237,0.02809,2
140,276,0.021475,2
140,275,0.021399,2
140,252,0.02125,2
140,262,0.021051,2
140,402,0.020826,2
140,255,0.020656,2
140,232,0.020524,2
140,284,0.019861,2
141,237,0.027198,2
141,226,0.026514,2
141,297,0.020598,2
141,299,0.020017,2
141,274,0.019193,2
141,387,0.018989,2
141,403,0.018493,2
141,315,0.01803,2
141,270,0.017135,2
141,255,0.016601,2
142,226,0.025197,2
142,237,0.025112,2
142,403,0.023795,2
142,387,0.023499,2
142,306,0.021842,2
142,276,0.021323,2
142,270,0.021213,2
142,315,0.020877,2
142,274,0.020561,2
142,262,0.020169,2
143,226,0.026185,2
143,237,0.025618,2
143,276,0.019663,2
143,262,0.019429,2
143,252,0.018186,2
143,403,0.017041,2
143,255,0.016684,2
143,296,0.01649,2
143,270,0.01641,2
143,274,0.015994,2
144,190,0.029744,2
144,186,0.029381,2
144,192,0.027857,2
144,185,0.027804,2
144,319,0.026774,2
144,189,0.026104,2
144,320,0.024854,2
144,330,0.023871,2
144,283,0.020984,2
144,196,0.020825,2
145,262,0.021,2
145,270,0.02044,2
145,187,0.020091,2
145,274,0.020079,2
145,276,0.019012,2
145,252,0.018135,2
145,306,0.017947,2
145,317,0.017728,2
145,372,0.017417,2
145,296,0.017414,2
146,226,0.038262,2
146,237,0.035568,2
146,255,0.032073,2
146,232,0.030709,2
146,222,0.028681,2
146,247,0.0282,2
146,273,0.025582,2
146,186,0.016901,2
146,400,0.0161,2
146,190,0.015655,2
147,277,0.015536,2
147,266,0.014098,2
147,261,0.013501,2
147,252,0.013239,2
147,280,0.013154,2
147,276,0.013112,2
147,284,0.01287,2
147,290,0.012832,2
147,285,0.012412,2
147,262,0.012233,2
148,196,0.022691,2
148,208,0.019738,2
148,283,0.018648,2
148,334,0.018281,2
148,263,0.01803,2
148,321,0.017699,2
148,364,0.016679,2
148,188,0.016605,2
148,224,0.016309,2
148,422,0.015537,2
149,353,0.013174,2
149,186,0.013001,2
149,185,0.012937,2
149,190,0.01267,2
149,192,0.012426,2
149,319,0.012196,2
149,320,0.012106,2
149,261,0.011383,2
149,418,0.011314,2
149,301,0.011278,2
150,196,0.01665,2
150,334,0.016212,2
150,208,0.015699,2
150,353,0.015303,2
150,211,0.013768,2
150,321,0.013754,2
150,249,0.013701,2
150,283,0.013662,2
150,266,0.013286,2
150,188,0.013275,2
151,216,0.022783,2
151,249,0.021923,2
151,185,0.01799,2
151,190,0.017155,2
151,186,0.016986,2
151,385,0.016233,2
151,192,0.015169,2
151,320,0.015023,2
151,319,0.014683,2
151,211,0.012361,2
152,211,0.015815,2
152,197,0.014064,2
152,187,0.012897,2
152,249,0.012649,2
152,266,0.012396,2
152,329,0.012394,2
152,277,0.012315,2
152,458,0.011802,2
152,334,0.011399,2
152,290,0.010974,2
153,216,0.014543,2
153,211,0.01329,2
153,266,0.012965,2
153,290,0.012242,2
153,280,0.012152,2
153,261,0.012071,2
153,249,0.01198,2
153,252,0.011868,2
153,310,0.011745,2
153,298,0.011605,2
154,211,0.021938,2
154,187,0.016856,2
154,249,0.016243,2
154,197,0.015733,2
154,391,0.015363,2
154,188,0.015209,2
154,334,0.014534,2
154,208,0.013396,2
154,385,0.013203,2
154,322,0.01309,2
155,249,0.015265,2
155,211,0.01466,2
155,276,0.014012,2
155,284,0.013485,2
155,391,0.013457,2
155,262,0.013175,2
155,252,0.013154,2
155,270,0.012882,2
155,274,0.012751,2
155,278,0.01236,2
156,185,0.019735,2
156,190,0.019288,2
156,186,0.018022,2
156,216,0.016417,2
156,320,0.016268,2
156,249,0.016088,2
156,192,0.015477,2
156,319,0.015213,2
156,211,0.013679,2
156,353,0.012347,2
157,211,0.022816,2
157,249,0.018795,2
157,187,0.018239,2
157,197,0.017671,2
157,261,0.016564,2
157,275,0.01467,2
157,252,0.01447,2
157,329,0.014324,2
157,301,0.014284,2
157,458,0.013912,2
158,216,0.019068,2
158,249,0.016195,2
158,385,0.013397,2
158,277,0.013023,2
158,185,0.012726,2
158,504,0.01246,2
158,190,0.012321,2
158,261,0.012251,2
158,186,0.012098,2
158,266,0.011986,2
159,249,0.023673,2
159,211,0.021546,2
159,185,0.020149,2
159,190,0.018042,2
159,385,0.017768,2
159,187,0.017518,2
159,391,0.017393,2
159,188,0.016579,2
159,186,0.01629,2
159,216,0.015429,2
160,252,0.019178,2
160,386,0.019178,2
160,412,0.019178,2
160,270,0.019178,2
160,274,0.019178,2
160,310,0.019178,2
160,375,0.019178,2
160,395,0.019178,2
160,293,0.019178,2
160,378,0.019178,2
161,197,0.014758,2
161,196,0.014753,2
161,334,0.014527,2
161,321,0.013751,2
161,208,0.01359,2
161,322,0.013412,2
161,188,0.013109,2
161,187,0.012885,2
161,211,0.012581,2
161,224,0.011545,2
162,211,0.018031,2
162,391,0.015477,2
162,187,0.01526,2
162,188,0.01524,2
162,334,0.014568,2
162,329,0.014098,2
162,208,0.01408,2
162,275,0.013181,2
162,261,0.013059,2
162,196,0.013049,2
163,188,0.017407,2
163,211,0.017026,2
163,334,0.016739,2
163,208,0.01666,2
163,322,0.016226,2
163,321,0.015264,2
163,224,0.014349,2
163,196,0.014182,2
163,332,0.013294,2
163,187,0.013114,2
164,185,0.019608,2
164,189,0.018867,2
164,249,0.017306,2
164,190,0.016458,2
164,186,0.014458,2
164,385,0.014013,2
164,211,0.01347,2
164,320,0.012223,2
164,192,0.01208,2
164,216,0.011445,2
165,211,0.014514,2
165,187,0.01362,2
165,329,0.013283,2
165,334,0.01283,2
165,188,0.011952,2
165,197,0.011782,2
165,208,0.011691,2
165,322,0.011213,2
165,280,0.01097,2
165,196,0.010833,2
166,334,0.015561,2
166,379,0.01437,2
166,321,0.013966,2
166,208,0.013802,2
166,196,0.013726,2
166,211,0.013639,2
166,216,0.013618,2
166,188,0.012851,2
166,224,0.011624,2
166,283,0.011347,2
167,211,0.026218,2
167,208,0.024988,2
167,188,0.02372,2
167,249,0.021515,2
167,196,0.020399,2
167,334,0.020001,2
167,321,0.018168,2
167,224,0.017224,2
167,385,0.016384,2
167,391,0.015324,2
168,187,0.014606,2
168,188,0.01366,2
168,211,0.013507,2
168,275,0.013092,2
168,334,0.012986,2
168,208,0.012768,2
168,313,0.011815,2
168,322,0.011738,2
168,321,0.011429,2
168,224,0.011001,2
169,185,0.016713,2
169,190,0.016649,2
169,186,0.015913,2
169,187,0.0154,2
169,188,0.015065,2
169,320,0.014696,2
169,211,0.014628,2
169,192,0.014538,2
169,319,0.014239,2
169,208,0.013185,2
170,216,0.015213,2
170,334,0.015112,2
170,196,0.014986,2
170,208,0.013576,2
170,321,0.013317,2
170,188,0.011466,2
170,283,0.011442,2
170,322,0.011417,2
170,274,0.011106,2
170,211,0.010967,2
171,190,0.014855,2
171,186,0.014166,2
171,185,0.013885,2
171,187,0.012985,2
171,188,0.012772,2
171,211,0.012627,2
171,192,0.01231,2
171,319,0.012072,2
171,320,0.011741,2
171,208,0.011422,2
172,197,0.013052,2
172,353,0.0116,2
172,196,0.011572,2
172,261,0.011427,2
172,296,0.010902,2
172,186,0.010764,2
172,285,0.010721,2
172,334,0.010687,2
172,275,0.010626,2
172,369,0.010624,2
173,216,0.017438,2
173,196,0.014816,2
173,330,0.013767,2
173,185,0.013735,2
173,283,0.013599,2
173,321,0.013444,2
173,190,0.013404,2
173,353,0.013399,2
173,189,0.013324,2
173,186,0.013309,2
174,188,0.014563,2
174,208,0.01418,2
174,187,0.013754,2
174,334,0.013424,2
174,224,0.01275,2
174,191,0.012155,2
174,206,0.011661,2
174,321,0.01161,2
174,326,0.011505,2
174,332,0.011079,2
175,187,0.016329,2
175,329,0.015897,2
175,208,0.015411,2
175,334,0.015404,2
175,211,0.014897,2
175,322,0.014749,2
175,188,0.014513,2
175,434,0.013977,2
175,196,0.013917,2
175,443,0.013619,2
176,185,0.019218,2
176,189,0.019218,2
176,190,0.019218,2
176,192,0.019218,2
176,319,0.019218,2
176,320,0.019218,2
176,353,0.019218,2
176,186,0.019218,2
176,330,0.011829,2
176,274,0.009661,2
177,208,0.017853,2
177,364,0.017853,2
177,188,0.013602,2
177,187,0.013292,2
177,206,0.012735,2
177,224,0.012732,2
177,321,0.012685,2
177,322,0.012508,2
177,332,0.012234,2
177,263,0.012113,2
178,187,0.017306,2
178,188,0.016436,2
178,185,0.013976,2
178,190,0.013605,2
178,224,0.013343,2
178,186,0.01322,2
178,326,0.013,2
178,320,0.012671,2
178,353,0.012632,2
178,208,0.012482,2
179,196,0.015986,2
179,208,0.01415,2
179,334,0.013785,2
179,422,0.013273,2
179,426,0.013079,2
179,321,0.012476,2
179,263,0.012428,2
179,364,0.012276,2
179,283,0.012217,2
179,224,0.011604,2
180,299,0.01832,2
180,305,0.01832,2
180,309,0.01832,2
180,314,0.01832,2
180,316,0.01832,2
180,390,0.01832,2
180,393,0.01832,2
180,469,0.01832,2
180,471,0.01832,2
180,472,0.01832,2
181,196,0.021119,2
181,208,0.013615,2
181,321,0.013492,2
181,329,0.012944,2
181,283,0.012786,2
181,364,0.012478,2
181,197,0.012423,2
181,334,0.012359,2
181,263,0.012313,2
181,188,0.011736,2
182,216,0.014714,2
182,283,0.012557,2
182,196,0.012246,2
182,330,0.012243,2
182,423,0.011914,2
182,421,0.011791,2
182,353,0.011726,2
182,425,0.011409,2
182,364,0.011278,2
182,319,0.011272,2
183,197,0.018271,2
183,196,0.017757,2
183,283,0.016153,2
183,188,0.015886,2
183,208,0.015512,2
183,321,0.015164,2
183,224,0.014697,2
183,263,0.013894,2
183,187,0.013756,2
183,334,0.013737,2
184,185,0.017398,2
184,190,0.016786,2
184,186,0.016248,2
184,330,0.015733,2
184,320,0.015728,2
184,192,0.015537,2
184,319,0.015223,2
184,353,0.013224,2
184,423,0.013132,2
184,188,0.013032,2
185,187,0.015756,2
185,188,0.015628,2
185,224,0.015079,2
185,208,0.01428,2
185,332,0.01408,2
185,263,0.01407,2
185,326,0.013733,2
185,321,0.01344,2
185,196,0.013093,2
185,334,0.012522,2
186,196,0.01539,2
186,208,0.015063,2
186,188,0.014365,2
186,321,0.01411,2
186,187,0.013797,2
186,329,0.013785,2
186,224,0.01366,2
186,334,0.013569,2
186,263,0.013554,2
186,332,0.012726,2
187,188,0.017556,2
187,187,0.017519,2
187,224,0.015659,2
187,208,0.015154,2
187,332,0.014484,2
187,326,0.014314,2
187,263,0.014031,2
187,434,0.013323,2
187,322,0.01323,2
187,420,0.012849,2
188,196,0.016727,2
188,197,0.015774,2
188,208,0.013824,2
188,263,0.01364,2
188,329,0.013104,2
188,321,0.012962,2
188,422,0.012904,2
188,426,0.012615,2
188,334,0.012475,2
188,283,0.01242,2
189,283,0.013979,2
189,330,0.012808,2
189,186,0.012384,2
189,197,0.012384,2
189,196,0.012147,2
189,364,0.011726,2
189,192,0.011528,2
189,263,0.011467,2
189,277,0.011211,2
189,319,0.011133,2
190,208,0.014693,2
190,196,0.014041,2
190,188,0.012917,2
190,334,0.012904,2
190,364,0.012878,2
190,263,0.012736,2
190,329,0.012686,2
190,321,0.012682,2
190,224,0.01267,2
190,422,0.01255,2
191,188,0.014985,2
191,224,0.014332,2
191,208,0.01399,2
191,187,0.013479,2
191,332,0.013445,2
191,196,0.01328,2
191,263,0.013159,2
191,334,0.012845,2
191,321,0.012475,2
191,322,0.012008,2
192,353,0.016513,2
192,196,0.014157,2
192,277,0.013583,2
192,283,0.01348,2
192,208,0.013109,2
192,188,0.013086,2
192,224,0.012772,2
192,261,0.012736,2
192,364,0.012597,2
192,405,0.012197,2
193,188,0.031753,2
193,208,0.026261,2
193,224,0.025358,2
193,353,0.023873,2
193,321,0.023448,2
193,196,0.02342,2
193,334,0.023084,2
193,211,0.021307,2
193,332,0.021149,2
193,391,0.019735,2
194,353,0.018636,2
194,283,0.016226,2
194,188,0.015226,2
194,364,0.014764,2
194,196,0.013885,2
194,266,0.013382,2
194,263,0.01327,2
194,276,0.013231,2
194,224,0.013158,2
194,405,0.013042,2
195,196,0.015801,2
195,197,0.015048,2
195,283,0.014916,2
195,208,0.014453,2
195,364,0.013792,2
195,263,0.013707,2
195,334,0.013331,2
195,321,0.012631,2
195,330,0.011966,2
195,224,0.011846,2
196,187,0.018977,2
196,188,0.018503,2
196,224,0.016206,2
196,208,0.015882,2
196,326,0.015718,2
196,332,0.015098,2
196,420,0.015038,2
196,196,0.014167,2
196,263,0.014123,2
196,322,0.013916,2
197,185,0.015998,2
197,190,0.015527,2
197,330,0.015042,2
197,319,0.014955,2
197,186,0.014802,2
197,192,0.014281,2
197,320,0.014177,2
197,353,0.014039,2
197,423,0.012595,2
197,216,0.012066,2
198,196,0.016864,2
198,208,0.01558,2
198,263,0.015257,2
198,283,0.01503,2
198,321,0.014498,2
198,329,0.014022,2
198,364,0.013793,2
198,224,0.013741,2
198,334,0.013707,2
198,188,0.013158,2
199,188,0.018325,2
199,187,0.01732,2
199,196,0.017149,2
199,208,0.016081,2
199,224,0.015473,2
199,329,0.015083,2
199,321,0.014885,2
199,334,0.014568,2
199,326,0.013112,2
199,197,0.012829,2
200,197,0.017056,2
200,334,0.016777,2
200,208,0.016759,2
200,364,0.016739,2
200,263,0.016612,2
200,196,0.016319,2
200,252,0.014882,2
200,262,0.014694,2
200,422,0.014694,2
200,321,0.014693,2
